id,username,text
1881231421,ArunBasilLal,@remzology me too. I dont have a lap on the first place. But pen and paper seems the best choice even if I had.. 
1982667871,indefinite,V-103's old school mix with go-go and reggae is making me homesick  #FB
1833885638,webmaakster,"@pascalleB yeah, how nice "
1835694028,Evangeline_ci,"suddenly want to go home...miss my parents and my little dogs  why couldn't those papers and exams just fuck off, i need a drink"
1956978266,AdamSchwabe,Lovely night out with @curtisnorman @nickwmay and more. Woody's can be fun!  Now: bed.
1834704967,tgwright,Is prising himself out of bed 
2188799998,christinaras,I'm loving twitter right now.... Are you ahving fun??? 
2044240374,DifaJonasLover,@HeartMileyCyrus Thanx for promoting my twitter 
2003217846,ab_linguistics,"Maybe I should say that I will be #INTERPRETING at a sales training, not GOING there or PRESENTING. Just to clarify. "
2182171629,adrianvanity,Finally the sun is out for me to layout. Hell ya. 
1983614151,laura_24,@FrankieTheSats i am soooo gutted i cant come 
1754348683,star_girlsophie,"@tommcfly Can I just clarify that the last comment I sent, about Spanish Orals, means Spanish speaking exam. I got teased for saying it "
1691980029,marcoeatworld,Enjoying my relaxing Sunday 
2060271776,bernadetteolsen,Won't be able to twitter till Monday.. hate being internetless. 
1964496753,Obama1227,I feel like last night was a dream... Well I guess I should say nightmare. 
1823734381,Joey_HXC,really bored! i am not even tired either it really sucks 
2221491640,sgforte,Juz got word from my boss that i nid 2 stay hm for 7 dys n take no pay leave cos i went to aus. 
2188989492,alexxbensonn,Whyyyy? 
2001509411,lemmyxuz,@Stormii I asked Ashton about what force tweet is. that's his answer 
1986839263,meghm,I had quite a sociable day today. I wish I made more $ today 
1970540357,all_access,@clurduff How come ohhilary.net tells me &quot;This IP has been banned&quot; ? 
2053755717,EgyptAlexander,Ok so there's mass twitts about that &quot;Hangover&quot; movie... def bout to go to the show an see tht! Only if today was Wed 
2260898127,uriediculous,wtaf my caps lock button's light doesnt work anymore 
2187665649,sammiejd,FUCK I wanna go get the cd at the store now 
2065733726,tweeteradder1,@rotiprata Get 100 followers a day using www.tweeteradder.com Once you add everyone you are on the train or pay vip 
2051562685,discoletsgo,#followfriday -- @beatlestweets because i love 'em 
2002561027,natwebb,"@caityyy why arent i on your myspace profile bitch, ur on mine "
2063779700,helen_bop,"@mossyrants Okay, tell you what- I, Helen, Empress of the Universe *and* W12, hereby declare you exempt from doing the meme! How's that? "
2176525935,ShanteCurtis,@mayalabeeDC3 ) My silly billyyyyy!â¥ Good morninggg  Or afternoon. I think it's afternoon for you. ) How are you?
2297766738,jgrenell11,I miss my girlfriend  hope you're having a good day @krbarrios
2063040660,gradientracie,"You guys are NEVER going to believe who I hung out with tonight? The guys from Snow Patrol!!!!!! Seriously, I'll upload a pic tomorrow "
2240611366,LMarle,@suegelber @moose2911 Obviously a bad decision by a misguided HR manager... 
1969911923,i_mazhar,coding can be pain in the ass sometimes 
1979427012,shaaqT,@morphiine mine was fab thanks to the yaygirls 
1988917427,laurenivy,Tonight is seriously the best. So glad i went to delaware with lili and kristie to go see some boys 
1989663808,mattcaplin,stuck in shallow sleep and sick all day 
1999803905,kristielinda,Can't wait to sleep after a long cooking class  .... Night night *))
2003878525,irishsgirl68,@danielradcliffe Thanks for following and very excited for Movie release 
1957745188,b4sh18,"Revision Time, Biology exam monday "
1677182499,beckysamways,movie-ing it tonight! :] looks like i have to go docs for my foot now 
2054512006,xbright_eyesx,now i have to go to work... booo work 
1835568401,I_enigma,its' already done - for de-briefing - not interested in publication - too many memories - big bad black ugly ones 
2067574086,mlexiehayden,@MsJuicy313  Well hell in a minute imma see you! Sh*t
2069035876,brandyjoann,hopes my gums get better. please please please. 
2048802974,carrot_girl,@Kitty_Cat2 haha thanks I did. 
1972545176,wammieannie,Yea  why? Im leavin soon
2053244760,Aja_Hobbs,"good morning!! up so early bc i can hardly breathe   still feel like crap, plse god let this weekend heal me"
2187528545,norbs,@korafoto so you want some whole chicken in a can?  
1956588069,checkyesmegan,@minorityx AGREED!  
2188648510,DeAsiaNicole,Talkin to Mark.....why 
2039657530,lotzacatz,"@PhilHarrison Yes, cool eh?! &amp; U follow Simon Ashaan too, magical musician! Thks 4 the blast from the past ! Off to d/load more Bruce "
2188073994,maceyshadows,I remembered my information 
1967999402,AbbyItalia,@javipaz4 I agree but it's still cool that we won 
1470182865,joelcomm,@GailDoby nothing like smiling people holding your book  
2039664285,Silentending,is still studying..  can't wait for my kinesiology session this afternoon... so need it... maybe then i'll have a bath and wine..
2192421891,LullabyLies,Omg I just realized that I could have made my license plate 'careber'  owell MCRMY is perfect! 
2014136951,ashaly04,sitting around and figuring out twitter 
2053463409,dianekristel,Played Sims all day. I turned aging off because I want my Sim to stay a teenager forever. 
1978372256,QuillaB,haha i love you too &quot;partner for lifeee&quot; 
1573151943,david_p_thomas,"I forgot my iPod, no morning music today on the train "
1469393046,FenstarDeLuxe,"my favourite patient died today, what a downer "
1559940461,krystal_fox,"@selenagomez that film is so good, i could see it a million times "
1686199396,KTK_,Looking forward to playing lovely music with Matthew today. Not a euphemism. On my guitar people. 
2259430197,BrandiBabyy07,"We've come so far since that day, and I thought I loved you then... "
1988761331,bes21,"@ddlovato , OMG thats my b'day! "
2233868778,ryangilmore,Tonight was awesome. I'm going to Rhode Island tomorrow!  I'm gonna miss @chrissysweeney though 
2194331607,eileenalouise,I just found out my new Macbook Pro is delayed and now isn't arriving until tomorrow. Boooooooooooooooooo. 
2067217874,simplylizz,@bloodhoundgang oh my god...how awful. i'm so sorry bb  that makes me wanna cry...
2253450875,MikeyLythcott,@poserexplosion ok I decided I like the new safari now. It's more of my distaste for apoplectic products not working. 
2064277442,Dagoblin,@elsua Un-fucking-believable. In LPA is cloudy as shit! 
1881581679,frokltefroire,@musshhh bah bah!  HAHA aku mau liat. post pictures?
2206037798,jyoung21,"@RockwallMike No.  We don't have a car so we're at the mercy of the shuttles. As in 'buses', not 'space'. ;-)"
2063870955,IsaMilano,"@LittlestarRed See you later Donna, have a nice Sunday "
1981826390,Dee2Emm,hates everyone 
2211258016,suebrody1,@tonicate10 Do you guys hang together 4 real? Cool! No one lives in Boston. 
1564132450,ozzyx1409,"at work again, had a nice weekend.... damned rain again "
1680022234,crash_l,Cereal and hannah Montana 
2002427573,prettiPORSH,just ate a big breakfast...now im ready to lay back down...too bad its only tuesday 
2016631389,queeniereyes,Sleeping early tonight. Runny noses suck! 
1685582441,Mirna023,Tossing and turning...decided to turn on the computer again.  And I so wanted to wake up early tomorrow. 
1573493828,twtr_gator,@CoachDeb When you send my signed copy and only if it is as great as your tweets then it will become my recommended reading for tweeps 
2050904619,Me_lis,Yes a sitter for u 
1564690802,debsuvra,@aritra_m There're some great Twitter apps for Mac. How much I miss my hackintosh installation. 
1753601392,Goldyfinch,"@JasonBradbury Oh dear, what a rotten life you lead, NOT! "
1755799633,omgitsmejak,Bored  nd a bit hungry sure ive got worms lol JOKE
2189858956,ChrisHerd,On the bus heading from Luton airport to High Wycombe 
2192178741,koengroeneveld,@audiotherapy again no good  maybe spam filter on your accounts or something...
1977089157,stjulia,@Gabreael Aggggg! That is so not  good 
2186082825,Emma_Bloomfield,im soooo excited about going bowling on tuesday for the 6th grade send off!!  
2183278783,DatGurlNeo,@YoungSimmons I'll watch it! 
2209460666,xokissesfromlo,i love when devin gets home! going with devin and kellie to get my ring resized. ill miss it for a week  lol.
1990784331,kaf195,Off to work at City Year. 
2216034608,Ari_Love_,I'm so bored!!! I miss you Nicholas!!  ):
2265988974,nehzorts,can't believe that there's school tomorrow  I NEED TO GET OVER MY FEAR OF DOGS.
2018733621,MimiSiu,"@MikiPebs Aww, you are too sweet! Thank you for watching! We heart our Sunrise fans! "
1963329269,annijameksa,can I get J. Rathbones e-mail?..please.. 
2189709478,xxlilxxleannexx,I never get ill what wrong with me? Its all come at once 
1986944903,mzlilshorty323,just got home 
1832817060,poetryluver,feels bad because her baby is so unhappy... I'm unhappy too baby!...  unhappy without you... 
2064210523,DeirdreArdagh,working on a Sunday  it'll be worth it..it'll be worth it!!!
1981071621,JazzysMama,Making some of my world famous chocolate chip cookies for @pazzypunk and @tonyreaves...now they can't skip out of town without stopping 
2264068378,life_afairytale,@ruchirfalodiya had the same.. 
1970462512,brandonsalomon,Time for golf.... and time to win  http://myloc.me/24AU
2230635236,TheCosmonaut,"There are a lot of things I like about Flash CS4, but the 3D tool just isn't bug free yet "
1989075421,KevinEdwardsJr,@Samantita24 if you like 2 laugh..have a good time..follow me..its just that simple 
1680129089,Ves_pertine,"@_amberm YAY BABY!!! That's great! Dreamy classy place, prepare yourself for the Mistress!!!! "
1834801410,colouredbraces,COUNTING DOWN  (a lil too early but i like) YAY.
2190832684,miamiamiaa,@Lysaght1 i have a new phone  and thankyou for the card x
2239479164,chrisilluminati,@pgha you will be missed dear 
1999297264,brennasaur,@bazanna my mother is laughing at you. Lol  {blc+grt&lt;3}[ssc]
1995926672,co0okie22,@captain_erika Me grumpy because it rainy out and me no know what to do. Me want to play but me tired of playing trucks and coloring. 
1981163864,aefix,@syutbai It was probably this: http://www.thestar.com/news/gta/article/643275 
1971752347,omgkatie,@mydefposse I cantttt I have to do it i'll fail if I don't. And I can go out tomorrow after work if I get it done now 
2013806775,TferThomas,@MissShonah How can I possibly not have a good afternoon? 
2065221991,flashgdb,is suffering from red wine 
2216370035,rosa_marchese,Was looking foward to taking an evening walk along the beach in Penticton... Boohoo rain 
1834557121,ladyhoot,"@jdcrowley gutted about Juliet, I really hope somehow she's ok... poor Sawyer.  If they've killed her just to reboot Skate I'll be pissed!"
2297872011,katvukojevic,"YAY! i get to be in harry potter!! elvis costello's on the tonite show. yay gotta watch and recored that.... good day,but i miss you "
1573985784,raymondcnnlly,Last driving lesson before my test next week ... don't know why I'm nervous ... it's not like I've not done it before lol 
1881809412,arjunghosh,"OK, I *NEVER* really knew I was recommended in #followfriday and that too twice!!  thanks http://bit.ly/qDFc4"
1993795347,cdove85,"@petek9 Ahh awesome you are so lucky, i jsut had a look on the MSDN and cant find it... though found W7 "
2219556778,deliaschick820,http://www.youtube.com/watch?v=a3QZpz6_SHo Adam Lambert lied to me  lol jk
1551360415,SammieSchacht,@serenajwilliams i give up on hoping for a response  i hope you have a great day Serena. I will always support you in all that you do
2202147698,Kelseycwhite,amazing service. . But feels awful. 
2015058708,banana_frog,has turned the place upside down looking for a circle punch and still can't find it  I did find some cool things I'd forgotten about t ...
2056954113,_jenniifer,@Zwinky101  I would help you but I can't get on Zwinky.
2190632321,evolvedesigns,"@Squarespace 30,795 followers wow last time i sore it was 6000 if i could rem #Squarespace...Congrats "
1827830164,asifanwar,back to work tomorrow  wonder how long it will be before &quot;have you got anything for me&quot; is said...
1565294606,COSMOSCreative,Now need 8 followers to compleate 1000  Follow @CosmosCreative
1970932234,Emma_1812,"Oh, I made my bed "
2065159846,carypinkisgross,*yawns* I am so freakin tired. Wamt Sims3 sooo bad I only have Sims complete collection. My fone died bette charge th batteru! Gona rain 
1469024992,holyfudge,Stuck at home  I watch way to many border patrol programs..watching a new zeland one now. What the hell is MAF?
2070170940,courtknee18u2,"@dhewlett I found twitter through you, so YOU let US know the next big thing. "
2267223119,cheerytigger,just woke up a bit ago. wishing I could cuddle. 
2214324176,maralynntho,Poor Ella just keeps following me around with her kong and then passing out on tile 
1753775971,Daisylittlestar,@DoctorWatsonSx Morning 
1833913619,ktacey,@semispaniard without a doubt. I have already mentioned that to several people. Whenever you make your way over here we will get at it. 
1752370498,HoneyAntoineGem,@IslaDelaCruz wish I coulda went! 
1794701852,elleb_bantam,buggered up over the camden trip baaaaa! tis frigging city's fault for being so shite in the first place 
2326719536,nikkiv27,@LittleLiverbird maybe. I go on a bit less too now  maybe we should pull in a bunch of funky new followers! What could the magic word b?
1989473764,jordySAUROUS,@charliepick hey  @joshthomas87 said to say you are a little nerd 
2031084067,ashmb,@beanpolecole That is AWESOME. Haha! It also reminds me of the Family Guy where Peter gets his own theme song.. if you watch FG. 
2050619230,AntasyaAndrina,says i (heart) Ariestian Putra Ramadhan  http://plurk.com/p/yqxpp
1989054421,DESIred22,is 48 hour mystery. 
2296576782,bellonie1,about to take a test. hopefully swimming again today! sad that jon and kate are getting divorced 
2321851968,duong_nguyen,"@Violet_MyLinh hÆ¡ hÆ¡, sao mÃ  dá» khÃ¹ng? vui thÃ¬ nÃ³i vui chá»© nÃ³i sao ná»¯a!!!! "
1967174594,saratoninwaves,"@ilikesealife ride with the windows down, breathe in the night, and sing at the top of your lungs. "
1995573811,youtellmeplz,At the doctor office. 
2069622957,m_mild,loves flying the SWISS way 
1982183511,1sweetwhirl,@JGDemas ur always welcome.. 
2014079339,neilmarco15,now signing in.... 
2044440025,BenStokell,"@DJAJM2005 no, not yet. have emailed amazon today though. i've been a bit tied up with this virus i got.  gone now though "
2060491931,Denyalle,@dasWuslon I could only see it twice. I wanted to see it again today. 
2288212595,sssofi,i miss you so much lali 
1979558805,ffyza,Yeey. Rice and all cooked. Time to eat! Jemput makan 
1685678129,Rumaihi,I can't believe that there is going to be The Sims 3 on the iPhone/iPod Touch!  So getting it! =P
1999638368,BrandNewT,@CuPcAkE_2120  AWW DAYM I JUS SAID IT AGAIN!! sorry! ughhh NEVA MIND K? 
2218167765,alvn71191,doesn't want lock to leave 
2186834446,propapapa,"I love it. As far as I can tell, only one other player at my table who actually plays limit hold'em. Now to stop losing to runner runner "
2014420689,PinkM,@kaboro  you know my and my love for all things soil
1881908842,psyon001,"@feliciaday beat PvsZ last night! Got stumped on the big dude with lightpole, was the only time I failed  workin through minigames now."
1992956218,XXEmmaTXX,@crushtor like the new profile pic 
2005540504,YudhieRamadhan,@shegicaesario hehehe... Sorry cuy... I'm not a kind person like u LOL. Kecewaaaaaaaa gw ma pcd  http://myloc.me/2nlF
2298211899,n_j_albon,"@louisetse GAH! Don't say thaaat!! Good one- jinxed it!  haha, it's always the way, gonna zoom past :/"
2231548623,liquidskinn,is going to try another messenger client. Emesene. Heard of that? I haven't.  http://plurk.com/p/120wg0
2181348381,Unilove,"@faded_girl have several blank postcards for you, as requested "
2247618528,LilEddieRadio,"Ok YEAR 1, not so great. "
1685426648,CourtneySit,@Courageous_one huh? I didn't understand!! What is it called? Worth a read? 
2051561280,guilond,"well time I started cooking, friends coming for tea &amp; they've requested my cottage pie "
2063314017,Minerveca,@astrowebgirl Then you can just click it to go to browser. But yeah fave feature here too 
2061795884,xbrianafayx,I miss you baby 
2010028187,jasonbrennan,"@jessicaibb Cmon, all the cool kids are "
2053171365,yasmineyvette,GREEK marathon is over  Now what do I do?
2054858168,aawich,@CanonChristine dont forget about me okay  im gonna try to find my way back to rockoff somehow
2193057065,ilikephysics,@bradjward last year's #heweb08 promoted back channel as well.  Even had it up on screens during meals and meetings. 
1468937209,ngrotheer,@sarfoodie awwww! was thinking of you all day yesterday-hope day#1 was great!! 
2065059385,JasonDalBianco,"@Michelle_o_My_ Well, thank you. Yeah, I kick myself from time to time for those failures. "
2178501403,t33na,Love my Starbucks boys on Mem Dr. 
1824430213,Jack_thm,@dmodee Yes. Yes I am thank you very much! 
1759725888,C00kieCrumz,"No Framing Hanley in June anymore  Still have Anberlin to look forward to, though!"
1990483875,sassyx3,@EATTHATFROG  good morning  alles fit?
1565835392,Mukie,"My day, has anyone seen my day? I can't find it anymore. If you see it, tell it to come back. "
1833517808,keepmileysmiley,i'm not a morning person... 7:34 am .. my eyesssss 
1882646619,Allen_Casillas,Lobster just flew away... 
1676806559,AndreaBryan,Yaay!! this is may 
2061735269,babyjia78,Finally its gona rain. Tears of heaven for the grounds....but thunder &amp; lightning make me scared 
1979273016,nikcoates,Another bbq today me thinks! Cant wait till next year!!! New start nd all 
1976149858,josedura,because have I always to adapt to things? is time to they adapt 
2068987242,BeckyFearns,good night fellow followers  didyehlikethat? GOODNIGHT xxx
2213804846,GraspThis,@squarespace I will lose 
2321765034,angieODT,@iheartnynuk   I don't know why!  I need to figure out how to change my pic on here.  It never works for me!!!!
1836497711,jhoanne23,@keeeyt i wanna learn how they make it. 
1972424066,raczilla,At the airport in Vancouver.  Don't get into Orlando tonight until 9:30 so I'm going to miss a good part of the Magic/Cavs game.  
2018455738,KathieLB,@miSPA you off on your trip next week? We're staying put until August. 
2175203187,Char_Evans,"last day of Noosa sunshine today, back to the cold tomorrow "
1964053218,meldiane,@chelseytx I don't have the app that does it 
2262423762,evinh,Beginning to wonder why we are leaving everything and everyone that is so important to us... 
1469268481,simonhowes,@gabysslave that's ok. 
1693268097,homunculigirl,@fragthought lol. Yummy.... 
2002706341,MsGourmet,"@bargainvillas thanks, but i have looked at all those &amp; then some "
2206657440,meme1981,truly wishes ppl would stop using her feelings to score points against each other 
1979834446,gonzo_lust,@jowalshy my phone wont send msn msgs if ur invisible. 
2189475457,xxsheryl,@BeanieBuns You can join us if you want! The light bulb in my room has blown. ohsnap 
1559060373,byron_fenoglio,@rebel_licious 
1687066524,jennybull,"@littlemunchkin  I hope you get better soon!!! It's possible, but the workaholics wouldn't like it. I'm fine thanks, avoiding revision lol"
1994187758,Fefi22,@Dannymcfly DANNY TODAY IS MY BDAY TURNING 18! IT WOULD MEAN A LOT IF YOU WRITE BACK  LOOOOVE YOU!
1548556816,iCharlotte,@sleemol I love doing that; let's do it some time that isn't today 
2218400915,Duffm06021979,Watched War of the Worlds. Not bad. Kept seeing Kathy Bates tits flash in my head. 
1961890693,guy,"Damn, looks like the USB card reader that I got from Dealextreme doesn't work. I can see the files on the card but they are read only "
1558854769,icecreamcoke,"@xxdemenaxx Lol, They Rule! Aww, Try it again "
1753343606,heykim,@jasonmitchener happy abt ur neck.. sry bout ur dad... my dad died from emphasema... he was a lifelong smoker...  it wasnt in his sleep 
2190738429,gadgeterija,@novina @aljosajap talk to the hand 'cos the head is gone to lunch... 
2247875455,festywesty,"rain rain go away, come again another day! My hair is sooooo going to go fluffy on Oxford St tonight "
1984361332,fakeplastico,Tweeting just because I can! good to have decent reception again  Great weekend under the sun with great friends!
1978954511,flyingchicken12,I am supposed to be studying for Chinese tomorrow but I'm so sian! 
2049462152,hokieguru,@TheFix Can't wait 
2000903645,karenpurves,@ColinUdeLewis Guess it will be a sex change for me then  if I was driven by the no of followers that is  http://bit.ly/v4kb0
1968320146,damianholbrook,"@K_LO_ no, we just don't have to go looking for purpose or hinge it upon small things that are have no choice but be dependent on us! "
1754524212,Dom__x,"@Jonasbrothers I Watched JONAS On Youtube There Because It Hasn't aired in the uk yet, Omg its genius, amazing!  You Guys Are Soo Funny x"
2187224896,itsjenwilliams,"I think you should come chat with me   http://stickam.com/jenwilliams started: Mon, 19:58 PDT"
2193576469,walkinlooove,ahhh yay! found my missing sunglasses while cleaning my office!! so happy. 
2236987277,FlexVector,@choley That sucks   I hope everything works out ok for you!
1825262957,LoriGarlington,@AlexisLeAnne ok. Just give them my phone # or email. Do they wanna see pix of it. ? I think we r moving to hackberry  buying kellis house
2039654538,itmightbechris,showerrr 
2064399698,joana_280,Hate being up this early on a sunday. 
2057101501,Hollymorgan15,Whoo! The suns back just in time for a saturday nyt out in torquay 
2175645874,MiszB,"@TEYANATAYLOR, they should Google ya BayBay  Itsz gravy thou, don't stresz bou it.. Mwauah**"
1969354889,SnyJan,@DJ86 don't worry you are not alone to wake up early 
2189688736,jessiealeea,cannot sleep -_- where's Danna when i need her? o yea Utah  ugh someone give me sleepy pills please.
1997659434,xxloverxx,@fittorrent Optimism always helps  stay strong
2253388355,GBHartists,@jimjonescapo We have it all the way over in Los Angeles too 
1679446869,niapraswani,"Ugh,hate this feelin "
2175002545,issaleuterio,@annegdiz ahaha ok lang  my dad said thanks anyway )
2192836767,MelodyAnnJones,Anyone know where I can buy a used fridge from? Mine broke 
2071374453,annadeca07,@MachinimaEdge very... 
2175574593,chelle_louise,Going to Caenarfon today to do some sightseeing 
2070706045,tawnyburgess,I found a cup of milk left in my room for days. It's disgusting! It smells horrible 
1966438885,LiLMiSPRiNC3SS,not in the mood crazii crazii highly upset now with everything &amp; everybody 
2000527591,carmendamodle,@IamTwitSwag damn didn't say hi to me none today so rude of your n so mean 
2002927337,DelphiDarling,"listening to yacht, eating ice cream and pretending exams don't exist "
2003189101,MichelleWegner,"@cindyscottday And yes, we may have a cell phone w/internet...wahoo!  I know for sure 10 or so days we r at a motel w/internet.  "
2061378937,Simply_Positive,@AmericanWomannn @TamaraSchilling sent ya both a DM that might interest you.  Lol. U both crack me up! Thx for the laughs!
2300411632,RayRayRockstar,LAME!!!! No one Freakin' uses twitter...  so alone... FAIL!
1679142974,ChanelDiane,@Jason_YEEC I feel GRAND! But my tummy still hurts  lol I have work to do so it really doesnt matter lol
1754522169,kirstincook,Happy mother's day to all the moms out there and to all the puppy moms like me 
2015584623,ibcutie,@Yemil was here! DALE  lol ily Lauraaa my SUPERCOOLBIFFFFLE&lt;3
1982514711,kittypurry,@okustir simply amazing. happy for you. 
2186766966,AmyQcoocachoo,@endlessblush Still feral   It's impeding on my eating plans too. Not cool.
2190573358,Tikitom93,"Sittin on balcony, waiting for english then maths! oh joy!  pot noddle for lunch? hmm i think so! x"
1962699865,mellanella,Prayers for my family and my dog - Mozart is being put down this afternoon.   Pics of him at http://tinyurl.com/mozartdog
2187974980,ZarinaKayyy,"@GeoffreyDavid yeah it would have been, I'm still sorry I couldn't go though "
2053792848,CoachJenRulon,"is thinking...last time I did this to my back, I was flat on my back for a couple of days.  Welcome to the Late 30's!   This sucks!"
1770585401,agoeke,"@lismox I must say, I did kinda wonder what that was about.    Thanks for clarifying.  "
2012632396,suploren,i can't believe i cut off my bangs.this is me trying not to give a shit 
2263648837,mamasLEEEN,wowwy. i hope i remember thhiss tmrw.  twitter wont let me write more in one posting succky.
2054305531,debramastaler,@jenny2229  Thank you!  
1998095949,millyjuly,"@Kalediscope  download my mixtape, nice lady"
2060174565,kelsosaurus,i love good days 
1986964521,SHANTICRAZYSEXI,@1PrettyRemy lml im dealing wit tha worst..smfh ronnie I need a diet plan 
2072223189,branli,"@codyks  Found this, not sure if it will help #twitsolve http://bit.ly/16l1a3 I tried "
2190852458,epredator,floundering around with regex's 
2213959628,alymcintyre,"@ddlovato Like, that's not scary or anything. Poor you. "
2051497769,5toSucceed,@NaniWaialeale I'm doing good! My cousin just graduated HS! Rai Rai! &lt;--- That's my new WOOHOO! lol 
1971999649,SamanthaAKing,is having a cup of Spiced Chai tea with some toast and jam in bed. Headache and upset belly 
1795043595,s2Loveyou_Jonas,"@Jonasbrothers Hey, are you guys still leaving a comment in our pics? "
2001167057,phishsticks,I just took a few sleeping pills 
1998777660,LCiranni5,@TickleMeJoey aw joe you changed your picture! Cuuute 
2068602051,caroljudice,there's nothing to do today 
1834670115,chorale,"@Ammonyte so true isn't it ,good that you're feeling better though "
1970269364,ameijers,I'm off to the garden....  having a cool drink and sitting in the sun to get some color on my white skin ;)
2196718803,charlyrae,Europe in 5 days!!! science exam  @camilleblais bleh ! i dont get vectors @TheEmster
1978011434,ayapapayajb,MTV movie awards tomorrow!!!  which means full new moon trailer. dang I couldve met the cast.... def going next year
1955834898,alisonilana,@FakerParis i go on that boy's myspace everyday and blast every song while getting ready 
2060717278,dropdeadcaveman,Playing Mario Party with my brother 
2266636549,lauramoorcroft,broke ubertwitter i think 
1558609872,edelq,"car door broke, car door fixed, car door broke, car door fixed, car door broke, car door fixed, got in to go the shops-car dead "
1984053172,mbrusse,@cdeliens That's A LOT of pictures  #20kmbxl
1824203706,Nwairah,"I hate bureaucracy!!! On a lighter note though, I'm really enjoying my freshly brewed coffee "
1564470466,MoroccoUSA,Good morning from Chicago! Hope your day will be a smooth day 
2262240639,eyelinergirls,@ozcmom The videos were really terrible.  But you sort-of feel like you have to watch or it didn't mean what it should.
1834518937,haselhurst,I'm struggling now. :s Going to update AviationWorld.aero but I can see it taking a few days. 
2234066175,Gardensparadise,@diannvalentine Got your note on InLink. Great show and great story... almost made me cry 
2213711762,ohnoitschris,You know what's surprisingly hard to find?  A case for an iPod Touch 1G.  One made specifically for the shape of the 1G.  Mine broke.  
2063969956,rcantiques,"@SeasonedWTime book sale. I have to say, it's been years since I went to a book sale. Tired after a book sale is a good kind of tired "
2057973264,DROStreetTeam09,@laurenlouise92 Your welcome 
1962117740,CharlieKennett,thinks Zac and Joshua are the most gorgeous boys ever and has enjoyed a very summery day in the garden 
2182049750,davidlowe,@microgeist Or by leaving letters out of the word &quot;brevity&quot; 
1827762395,SAM_Zone,"@EvaRuth Yeah, almost like Xena Warrior Princess. "
2052676124,xMegaNxC,@pohpotamus wish i was there 
2230172923,ClaudiaDigi,@wearestereos im misssing this cauuse of examms 
2060188906,glossychanny,GM$T Cookoutt 2dayyy 
2203036651,JustinFalcon,Mad xbox live was offline why the week i get out of school thats so gay 
1693292757,Madalys,"oh no, I think I might like TwitterFon better then Twitterrific  but I love the Twitterrific icon. it's so cuuute ! idk what to do."
1978862209,mikiyyyyyy,@GeraldWhite  Wow!! JUST THANKS TO BACK* 
1558504964,johnmeadows,@KeithBurtis I hope you don't die either! 
1693558649,PawWozzia,"Just got off the phone with a most amazing person, I haven't felt smilie like this in awhile "
1751708196,nohie,"got my new plugs, but the labret is the wrong size "
1999814962,kamikazegirlx,@evilkorova  you beat me to it. slytherin!!!
2175051374,nohemyvivas,sarahjcooki: I questioned some girl talking to Tyson asking if she was Sarah  I think the scary barricade... http://tumblr.com/xrz21pwl8
1827667554,mzjennz,@achronicles315 well I slipped on a very slippery floor  I was like the 3rd person LOL
2180119927,Sherbear2313,My puppy just got sick  poor sparty!!!
2223272789,lemongeneration,@checkyesmegan i wanna see them play again as well 
2052343440,VampireLyonesse,@WolfLoverEmily But be sure to come back sweetheart! I'll miss you 
2295521929,marielllla,just wants her stupid msn to work on her stupid laptop in her stupid house 
2068315529,squint_squad21,@junkiecat Yep and I will be all better soon 
2056445387,msoctober82,@KimKardashian YES! and the sad part is...you'll start to miss your hair when you see someone's hair longer than yours 
1753665364,novarez,still making icons 
1985803543,sensitivepantry,@stephintoronto You are too funny! Never would have paired those two. Yum (I guess.)  #cgft
2174582640,Totoro00,Never mind I'm not doing anything tommrrow 
2056868008,vickyxkx_121,Is gutted sum one aint talking to her 
2058969546,kdalzzz,sick  babysitting tonight. i'm not exactly fond of kids.
1969301323,Jamie71884,"@MTVsLoBosworth Doing good, excited for the weekend!  Will be watching Sunday "
1834518974,kiarastack,"@3LL3N nothing. i just wrote it, cos i was hoping someone would be like &quot;oh you excited about.....&quot; but no   nothing"
1993603401,jamiepotter,"@hannahnicklin Woah, you sound quite nifty in the kitchen  I'm gonna do chili, was gonna experiment with recipe but can't be arsed!"
2053211164,RobynGouldson,@BethanyMcFlyX I've never met them. But O swear next time they're on Liverpool I'll stalk them 
1883285170,scottfaithfull,@shellartistree wow. that is amazing! i really like that. i have a little metal tree of life and a painting of it a friend did for me. 
2193076339,ich_liebe_dich,"Am outside, showered and plants are watered. Sun gone behind a cloud and wind has picked up a bit. "
2057973069,Mcflyismydrug_x,"@_Jodii well, it was the sims 2 pets, but my phone spelt it wrong coz its gay "
1835596994,giddytab,I am ashamed to admit that I am about a month behind on my husband's blog!! 
1932549777,edrenkoh,It's not a good day to work today. So black boy 
1792511416,Jazzeeeec,Just saw #StarTrek on #IMAX....WOW!! I cannot wait to see it again !! AMAZING!! Gene Roddenbery would be proud 
1882110453,mapgie,@mintzpie twitter app on FB let's you select a 'sync' option 
1985414024,jade09xoxo,Just got back from worlds of fun! I am soo tired and sore! 
1880500435,dominiccampbell,@slboval I so would have been there as well 
2256783922,paultarry,I have a pain in my chest and a pain in my kidney!  It's killing me! x
1979357770,siffy,Okay thanks all 
1827220170,tuminds,@andrewghayes like your blog post on Amsterdam too! http://andyhayes.com/i-am-amsterdam/ My place of birth! 
1770865530,FruitySpirit9,Woot Woot - Go Caps (NHL for those unfamiliar) ... Topping the Penguins n overtime! At least some DC metro-area team is doing well 
2186858716,babitrovato,"@justgiiks JONAS AND MCFLY, I SAW THE VIDEO  just perfect"
2188880814,Stu_D0gg,Eating fruit. Gettin my healthy on 
2016140267,SilkCharm,"*sulking* my WoW server, Feathermoon, is STILL not available. two days now "
2302690682,BKMaxx,"Oh my god im workin the worst job in the world tomorrow, 12-9  i might actually cry from tiredness and ...dreadness??"
2000431184,bbluesman,@davidjacobs or don't spam where you eat... 
1964707891,VanAHudgensFan,"? it's alright, ok, I'm so much better without you ? ... OMG, I'm still excited because of Ashley's performance at the Comet Awards Show "
2204983144,Harlzdawg,is laid in bed not feeling well at alllll 
2215500365,ClaytonKennedy,I want a Russian hat  Someone find a store that sells them for me lol.
1469985065,CaitlinInStIves,Could've been worse. Could've been better. Got to go back in a week. 
2181127784,Leenomiddlename,I just saw a vidoe of my little (future) nephew! He is adorable...like all Mauluccis 
2053947525,ChrisDG79,@tjones150 Ooooo... This is awkward... you see Tanya... ummm... how to put this gently... nobody likes you.  The smiley face makes it ok!
2055305457,LouiseReyes,@yellowblot check your dm's. 
2205633281,priscx,"hmmm...taking my time, just slowly packing up for my holiday. am so excited! but am gonna miss my baby brin so much! "
1685490890,kalima856,can't sleep and having major cramps 
1974165687,dontforgetchaos,@Orchidflower Sorry  I'll stop by later ;-)
1974337178,danieleterrell,stranded at the Kangaroo - pumped gas and now car won't start 
1980036696,saslakers83,"going to do my siz drawing, then work on project i just mention. hopefully inspiration will last "
2187091632,allisonkirby,November must when I drop out of school and stay in my room for a long time. COD : Modern Warfare 2 on the 10th and L4D 2 on the 17th.  
2002513079,annzah,@flyinghaggis77 - aim to please! Hope you're enjoying the sunshine 
2065190934,toastedfrenchie,@LaLa_is_BACK I didn't see your message until later about the BMM and my pin #. I'll give it to u when I get a new phone. My trackball is 
1753634323,an_other,@error505 Just wish they would be quiet or have a hangover too  dont know why I fly home for such little time. what getting to you?
2257055887,AnaBoleyn,I need foods. Damn. I have to go outside. 
1992163767,jwhabib,@taylorswift13 the video has been taken down already 
2247443760,kaitlinthomas,has too many bug bites to count 
2185570330,Coachvolleyball,"@ddubsoldie81 no had to call and have to wait a few days, so far nothing posted for them "
1685743020,phelpsy139,is home and still laughing at swamp for not knowing why She's My Mat beat He's My Mate 
1881295640,dayari,That was the most awesome pie I've ever eaten. My mother is a genius. 
2299228549,graceland313,@KentAllard that was really sad  i wish ud reconsider being friends
2227293890,Stonewall29,ughhh... work just slows to a crawl in the last hour 
2014975531,philcampbell,"so looks like they have already cut it off even thou it says today, they tell me dsl will work properly for a few days thou.  god. "
2240606412,Miss_Gee,@TheresaRockFace I do not have my KOL tix. Being a college student leaves you poor  haha
2056384812,Marti1994,Did you guys have noticed when raining people are depressed and  really bored?? I do 
2241580197,Espenrodland,Fixed my moped... but can't use it just yet       (Flat battery) -_-
2045142099,valenTINERZ,@RnBKing74 NOOOOOOOOOOOOOO please tell me thats not true ..NOOOOOOOOOOOOOOOOOOOOOOOOOOOOOOOOOOOOOOOOOOO  id keep going if there was space 
2186946026,maxoutkast,"Newman coming to get me, Bob's towing coming for Sofia. All I wanted was some Sushi. "
2195593167,Feemuir,Anyone like their new timetable? I only see @Ster13 like twice a day 
1981830653,lauracarter12,"I can see and hear people sat outside on the grass. Meanwhile, law revision continues in my tiny room with little natural light. "
2015203512,kwells2416,@SamChampion And rainy and chilly in Bloomington-Normal Illinois 
1983793666,MeriEsteban,@Jonasbrothers what day r u landing on Spain? @vickyhill &amp; I got a surprise 4 u!! U'll love it!! Please answer!! 
2179970581,indooraircare,"Good morning to all our customers, have a great week ! "
2191294739,onion2k,@efgfca I'm paying Â£350 for my car's service. 
2176824195,andrewportess,@Scroobiuspipyo Thanks for the Pip-tip! You know I think you should do a &quot;Pip's Top Tip&quot; Tweet every day! Even better if they can rhyme! 
1555849122,Jacquies,Good morning tweeps im running a bit late 
2003038297,Reinatriswan,"Planned a movie date for Wednesday, which's tmrw. But my stomach don't want to. Well, we haven't go on a date for several weeks.... "
2072049077,Chrystie88,"@ nikanika1987 I called u back earlier, but no answer "
2253115174,JoslynB,If a person is wearin a hoody or a hat it probably means they r having a bad hair day like me rite now lol its rainin and my hair got wet 
2050180145,saramcfly12,@danipoynterjudd i dont have MSN  ive got AIM
1557539643,Patriciasophia,&quot;You sing better than Miley. You should take her place in Hannah Montana.&quot; Thanks mom!!! 
1685096766,SirCrumpet,@tessthetraveler tonight? Bah humbug. Why are so many great things on when I have so much to do 
1565877664,karmelcreme,at home? really thinking about my lifes path. i am in the beginning stages od a divorced. 
1974309751,KalebBall,"Star Trek was masterful. But right now, all I feel like is that I have been played. I cant imagine how the other party involved feels... "
1977030405,caitlin_jones3,Hmmmm economics maths or psychology?! They all seem like bad options to me! Lookin forward to 2nite tho 
1957371332,emmzalmighty,"#3breakupwords fuck you, babe "
1990222951,angieevittor,&quot;cuz it's a breakdown.. a breakdown&quot;  &lt;3
2051692271,eloisajb,@JoeJonas1Fan1 goodnight 
1970044348,rosehwang,BQ Live / Q &amp; A time! ?????????Anyone would like to ask any question? #tedxtaipei  (via @TEDxTaipei)
2238077423,tackdog,my parents were in a car accident last night but they are ok! the van? not ok  
1686273185,AmzinBaby,"Bonjour, j'mappelle Amy...erm oh fuck! What's the rest? I hate French oral exams "
2070600336,lisababy182,@Pebbles945 but i'm sure everything you got is completely necessary 
1564757030,codyafter11,on the bus. and i noticed no one wears my shoes 
1990588076,vegasbby,"another day of sunbathing, radio too loud &amp; eating ice lollys all day "
2204761150,hopeless_hearts,Sitting next to @shotgun_sinners in double history 
1990954309,eltb,back to work after vacation to the beach!  Gotta get to work but I have sand in my keyboard 
2055945102,Claudia_Writes,"@Deltachild I'd share mine, if I had any left! "
2048433946,Ineedmyfix,I'm at my follow limit    I will follow back when Twitter lets me
1752581403,Rosalyn426,@MarcScottEmery type their names love... whats going on with u and seattle? what the eff! they are making pot a bigger issue than it is! 
2016996574,FTSKirstin,"@AppleJuice1234 idk, maybe. it depends how i feel that day.  tell nikki im going, so i don't feel weird showing up? :]"
1554127521,oliviajuliana,I wish I stayed in Philadelphia to get @lilyroseallen 's tickets @ the art museum 
1557803915,branden31123,awake. an ant crawled on my lip when i was laying in bed! 
2229191156,DenitaB,lost my phone 
2186744945,StormieDaniele,Idk what i'm gonna do when my dad goes back on the road 
1997714487,BananaBoy80,@requin thanks! I am I love food and I can only have liquids 
2263866172,Craigl21,Feeling like I got hit by a bus 
2065888049,strongsinger,Wants More Followers!.&lt;3 please! 
2003658843,mrscrob,@Yadnomis @dappymooo lovely pic - everyone looks so happy 
1998322546,RicksterTheGeek,@mikecalvo oh crap that bag I suggested.  sorry dude 
2062733429,Sweet_Trace,@billyraycyrus  should I bring bandaids to your show?  you're killin me!!!!
1964971944,BFSingh,The Vendor Client relationship - in real world situations. Who hasn't been here?    http://bit.ly/Rc7EW
1988904592,Gominatch,Could not be anymore happier 
2253152796,VANJADOSAN,I love summer. We'll see how it goes once summer classes start monday 
2047701638,Molly_Wells,Ryan left to go to work 
1831263327,grace13swimxo,@heidimontag my friend and i keep arguing over if the Hills scripted or reality?? i looveee the show but i was jw so i can tell her!  xo
2003696966,lost_dog,@FairfaxVANews I am lost. Please help me find a good home. 
1676065926,cheryldeflavis,made it home from soc. dept. party w/out making an ass of myself  and I got a cool mug. lol.
2069059261,stephissmiling,@charlieskies have a hug. i need a hug too 
1967091635,heleninseattle,I want to go ridin' with Bonnie this weekend...    Sounds wonderful and I have to WORK!
1881449003,BobcatRock,@ntheowl no idea. probably not. 
2064620481,neilfellowes,"looking forward to meeting up with David Wright, Klaus Hoffmann-Hoock and Ian Boddy later "
1835340289,smccarron,@mneylon Indulging is one word  Live steam seems too complicated - getting to grips with DCC is fun tho 
1968025613,yenMayhemHAVOK,I'm glad you had a good day and an amazing evening Ben  did you hang up?
1932512618,Trap_Wolf,@MorningDo: Cool! 
2282965682,BJisAPG,Work is boring like always and its hot as hell outside where I want 2 be.....no show tonight.  Canceled..  
2180046158,riceowlett,@CRISCOKIDD i just might jack your style on your twitter replies lol 
1836380589,SimonHar,Just sitting here missing Paul 
1678188022,___JasSii,   BoRinG   ): whats wrong with him??     Please tell me........   :-/
1676483787,Angro1975,@CHRIS_Daughtry Your tweets amuse me.  You are my favorite Idol contestant of all the seasons. Thanks for putting out great music!
2003596014,KaaTeee,@Jonkvrouwe I'm working on the references right now 
2189181711,MoLo13,@djblacknmild i feel so bad i didnt even get to sing to u 
1970705290,johnjoink,I'll miss my former school SOUTHERNSIDE MONTESSORI SCHOOL and also my friends there. 
1557762904,SprtBkr2,Working all day ugh   http://bit.ly/bJ3Gh
2053847770,jeweljk,gonna prep work for a lunch later today- making beef empanadas-and gonna watch horse race at friends house... 
1986050345,OperationHS,Dinner at Po Po's with family! Yum yum! We're leaving now! Off to grandma's!!! 
2052858233,LaurenBaptiste,@mitchelmusso so when are you coming to Oahu to do a show?? 
1760076456,Nautinkotbkitty,"@DonnieWahlberg@JonathanRKnight I have to go to bed,I'm too drunk off my cough syrup.to function right now..love ya guys, Melinda   "
2190187459,caldjr,@Kimded morning adam. could the girl not find you then LOL!!! Hope you have a good day ahead 
2223741739,eveybaybee,just got home from dancing and my side is killing me 
1981919328,KenDahl4U,@kyladreams replied to ur text 
2256456300,ANGIESWORLD1,"*ketchup  it was still good, although ketchup would have made it great!"
2068591128,AngelicVampira,"@LuckyBailey Aww, that's so sweet  My cats don't even approve on eachother, so when a dog comes it's chaos over here!"
2064941256,letssingbaby,"@Mds0221 Nicholas Braun, Demi Lovato, Mitchel Musso, Tiffany Thornton, Brandon Newsom &lt;3 have all tweeted me "
1974291194,Akina1,Went to a Blues Festival last night - got very drunk and ate yummy dinner...and now i'm vomiting....sick 
1979265514,voguechic,@celinieee Oh... Found it! ?I thought you downloaded it. Thanks! 
2175964469,whatswhat_sian,"@tipp_princess No, we all met for lunch in Limerick and you were the only angel missing  I'm good thks. Had a nice wkend and lunch was fun"
1985700169,alyaamani,@Rygie aww  did u get our voice mail last night??
1691901172,paulikeloa,Heading home from Lake San Antonio where I had no cell coverage or acess to technology all weekend. It was great 
1975802061,ajseth,@mrjoelkemp Waiting for the re-design. Is there a development instance? 
2070972541,jeanniefeed,@AlexsLemonade Awesome! Thank you...I will look out for it. 
2015515611,Benjiie,"@chell93 well i close my eyes and it just happens, try it sum time "
1979777527,Bethel8,Just caught up on Friday's Hollyoaks - Gutted about Hannah! 
1998087514,caseyjonasx0,@HaylieK at first i was like &quot;what is she talking about?! its 9!&quot; but i realized i live in NJ &amp; you dont. lol i'm stupid 
1981311897,kfiddes,Just finished leadig praise and worship. By His Grace was awesome...but not nearly as awesome as God is. 
2177004662,SanguineAngel95,@lenprz mouuu T.T true XD ill buy u a whole pizza! one only thou -.- still!~~ 
1981043218,Monique_Nicole,on my way back to NY. I had a great weekend. I wonder what this week has in store for me 
1970186867,missbarbell,"requests to change the old #cpantesters URLs now dispatched, hopefully the guys can do the updates over the next few days "
2246711298,MicheleMullen,Meant to stop at RedBox before coming home but forgot  Anything good on tv tonight?
1753435571,ggaby1014,just got back from seeing Star Strek 
1550678314,AlyssaH87,"Yeah had to call into work today. The Dr. is going to the office just to see little Matthew at 1:00, I am pretty sure its pink eye "
1881177897,susanahG,"@SiriusMz_Stylez I'm well thanks  I just wanted to say hello, @TheRealNobody tweeted a message to follow you, so I did!"
2223540310,skm4jc,"@agecrochet Oooohh yeah.  Seeing as I GAINED 2.5 lbs, no, bubble tea will have to wait.  "
1833584816,Brittney_H,I am so tired.  Then I start summer courses. Double 
2216835983,michelle182,@ahmanduhhh i heard he likes dick but i don't know if its true. he is so adorable now 
1956886348,yeffrey,Lawlz jk miss you! 
1956038766,EricavH,my new blog post is almost completed 
1791809403,hobbesdream,So now that the Duke's on the throne...or should i say in...i'm ready to go about my business and eventually conclude my day.  much love
1685606988,Nigel_Derbyfan,Morning tweeters! 
1573676799,drewnewton,Bose Headphones + Flickerstick = Can't Sleep 
1553803295,linnetwoods,@BigDaddy978 Oh I wouldn't go so far as to say I was addressing a troll but sometimes people get carried away with leader-bashing 
1984413471,francopera,@jfahrenkrug  Might not work.  I'll still be in mpls that time. I have a school part Tuesday night. Let's talk about that next week.
2051837947,jamesmartin1,"@miget33 Aha yeah, Chi-town isn't bad at all actually. At least you're not in Montreal like I was! I had no choice but to make the move "
1696219257,safrani,Happy Star Wars Day. MAY THE 4TH BE WITH YOU 
1795311971,flashmen,@aleksdiscodust @foamo been there  It's painful!! Fuckin' samples :\
2057784091,CanadianJennie,@StacyDerosby  fun!  im wishing i was  closer so i could do more then one show    oh well at least i get to do one!
2001800934,SiLLySuPeRsTaR,well i got to see you a little bit today  you even wanted to be on my team and we we won!! lol thats awesome!
2052604794,EGray1,"fuzz club should not be shutting, tis gooood.probs will be replaced with another shitty student night that makes more Â£ and has no bands "
1881169944,tahninial,"@jarethjones That's not a bad thing btw, just illustrating that she was interesting in your existance "
1694790073,indroneilsarkar,has an upset tummy 
1470212274,cheeder,"@Mell49 Wow, what a big family! How big they are already! I feel old now. "
2049913700,iamterri,@JourdanWilliams thanks baller 
2260268679,sabzimbaro,@amandapetrocco HEY SMELLY AM I DOING THIS RIGHT? 
2251379815,Suburbis,"@beltain35 Ah! Excellent excuse, having an iPhone ) Nice toy. I'd love to have an iPhone but doubt I'll ever be able to afford one "
2188737877,xo2lovely,Ok...didn't end up going to the gym instead i'm curled up in bed reading my favorite book! 
1469787775,amber_tsoi,@pepitabarlow sounds like you are having a fab time  enjjjoy!
2229195209,MsNewVA,I AM SO MAD MY ELECTRIC BILL COST SO MUCH!!!...  
1695922626,nickigirl,"@taylorswift13 please come back to GA, your concert with Keith Urban is already sold out, couldn't find tickets for me and boyfriend "
2056136074,kuttyedathi,@abhi_jith thank u for the score update. Pls keep updating 
1685230871,KissMySoul,@BriBree LOLLLL MoMo is hilar! I wish my eyebrows were naturally perfect. 
2013718054,katttryn,"@AlexAllTimeLow I work there, you should come visit me  ha"
1556666154,GardenPunk,"@krissisandvik I get it now.  Suburban zombie.  LOL!  Nope, I'm normal.  "
2001829103,jehovahtsedkenu,finally I'm back here in manila!!! thank God for a safe and sound trip!!! SHALOM!!! 
1573968894,stavsxx,"@WooopJess Oh cool, I love that song "
1967456911,jessie001,@aprilllllx  I LOVE YOU!! 
2063099809,brogenhayes,@Dakit Yeah Bones knows how to throw a party! Can't wait for next year... 
1468463689,DJRENEG,Thats messed up 
1972389809,breanajami,does not llike the new Internet Explorer 8 yet. boo i want 7 back 
1970551964,VioletsCRUK,@mfowmes Oh bummer...can't get it back yet...Twitter must be givin me a hint! (change yer f'n pic) LOL Hope all is good with you today? 
1989463901,fjfonseca,@Akelaa &quot;Que&quot; becomes &quot;k&quot;  You are most welcome! Have a great day!
2057514315,GhadaSmallworld,@greatfitness Thanks! I think there's a lot of out there 
1973967696,Jacquies,@3thbi Yeah oh well and there are new ones coming out so who knows 
1996043465,yooper1019,Yay! I'm getting my tonsils taken out!  also the ENT sprayed this crud in my nose and it's like I'm breathing out of it for the 1st time
2189832731,charissefarr,I have a new purple iPod nano.  Yay!  My old iPod can't hold its charge so well anymore. 
2068610982,emlay,"sad/frustrated, fuuuuuck "
2177642600,nadhiyamali,@viveksingh wen u address a girl u should say adipavi  
1965393374,kirstenwright,@littlesunflower @HappyHourBoston @tonfue @tanyaahedo your thoughts + a few of mine  http://tinyurl.com/mqay9g
2065239517,ChristinaKielb,Such a short flight! But I didn't get to nap  boooooooo
1970707828,racheldohertyy,@nicolehunterrr yeah I'm fine with whatever  need to go to tescos  what time you thinking ? xxxxxxx
2225302917,helenaerickson,"@carolannenorris I'm low on patience today and JT is in the Zone. Oh yeah, Ryan is sick, we didn't get much sleep last night. Whoa is me! "
2056511832,shaunarawrr_x,@emboosh same here..  is that including booking fees though?! :S
2057112707,RachAnn87,Windsor Drive is leaving 
2255724326,Ryankfm,@AnnReyWil he's not allowed out anymore... 
2228298684,_millie_h,needs to do historyy 
1960390172,proggirl1,"@Crow74 Right now listening Alien Love Secrets!  I have it too,but I like more Passion and Warfare."
2007530445,abartlett,"Hey @BSS_Austin, what's a good not-busy time to visit the store when I can get help and feel like I'm not bothering the staff "
2191452175,CorinnaHoffman,"@jenny_huang Thank you, Jenny   Great verse!"
2196798804,sofianicolaidis,@ArmelleNadeige what you are moving??? where??? 
1557444150,parisianskies,"I should be out in the sunshine, but I'm inside working instead "
2189822060,procphil,@jetrotmans Morning Jet - some more pearls of wisdom from floppy - thank you 
2234020181,BrittanyRockin,Just home from the lake!  Sad but glad to be home.
1564856290,xoxojonas,@mileycyrus  Awww. i bet they miss you too. 
1980320478,MissRasmus,@geralgm  So what u doing? 
2191685659,Hannnaah_,i just came second out of 10 on rainbow road in mariokart wifi!!!!!! thats never happened... 
2000614688,Lsaid_what,"Aaarrrgggg! I give up, maybe I won't be able to have a picture up after all, should've left well enough alone..... "
2282816807,seriita,"just came back from the hospital. uuuuggghh, iÂ´m siiiick "
1963552250,Sarah_Louise_xx,@Dorkus_ oohh i hav voted for nicky..and i shall vote 4 u now 
1963396307,elainea,@AMomTwoBoys Well don't you look spiffy! 
1978471295,MontriaAnderson,"@JimmyBurney Awesome! YES! Please do! Was tellin' people bout y'all earlier....Stay close, and I got'cha if u need me to spread da word! "
2199142880,staffy2890,Cant eat busted lip  urghhh
2063069281,spacedout,oh and he has a brother who has long hair and looks just like him...haha what a night! Big sky mind rocks! 
2014795354,cathejune,asks å?¡ç¢¼é½ä¸?ä¸æ  http://plurk.com/p/y3f77
2058844778,yellowdogsandy,I'm gonna take a nap. I don't think they're gonna feed me anytime soon... 
1692211076,amliving,hanging out at home with the dog.....getting ready for a long week at work  
2014549823,SaucyChp,@sweetp0tatos aha half watche dit already  and i aint got no message
2206539541,alexandra1025,says funerals make me sad  http://plurk.com/p/11n3yn
1967401549,bambina_bella13,listening to the sounds of sensation live  loved eery second of new years because of it x
2199357738,TrishwaH,"@JayLink_ That's what I was aiming for, but any further out &amp; it cuts off the image  Looking into discounts. it says for 10+ but I saw"
1966874556,ohglorymegan,"Corbins party. There's no DJ, it's not in the city, and my good I ditched the fun part of the day. What a bad day this was "
1833621225,FaeryCrazy,@officialTila aww i wanted to see your chartoon background but it's not working.. 
2067335041,erinmusicluver,@whatsherface91 thank choo 
2051945976,tweeteradder9,@aianna95 Get 100 followers a day using www.tweeteradder.com Once you add everyone you are on the train or pay vip 
2000562369,BiancaCruzer,@gaskarthsHAIR you and my hair should date  you even have the same color ;)
2015244512,gchicco,"ok, so Amsterdam is part of my itinerary for the next weeks!  "
2234151279,whocancarlycan,i got a headache 
2185918634,powdylips,watching another episode of Harper's Island 
2051523999,bl0ndeandblue,spontaneous is nonexistant here...yippi (sarcastically) 
1753678802,Erychan86,@SongBuildersUK wow is a good idea... but the b-day was yesterday and I already took him a present! Thank you anyway!!! 
2204992392,hollow_af,yay!! XBL is back!! damn i couldn't play lastnight  dont see any changes tho :p
1999160444,bn1511,@Denniseo Ah cool   Today?  You mean the East Bay one?  It's there - just closed for RSVPs
2257051208,nylved,@joeyblackjack Awww I would die without one.  You need to move closer to one! ;)
2262624239,melissawendy,I have the worse growing pains right now omg 
1972228781,XpressU,"@FCruz420 No worries dude,first work,then twitter.lol  Everyone is busy,we need more time.no time for designing these days,and it sucks"
1976687822,deathnote888,Hello people. Tutulog ulit after a few minutes. 
1980877169,Michelenergy,@black_list is getting ready to go to a wedding but it's not her wedding!  
1985154487,LilDrummerBoy35,"I want to go to #twtrcon  LOL!  Sounds fun, meeting all those people "
1993595426,HaloHoney,"Feel like a bad mother... Baby choked on something *again*, and in my attempts to dislodge it, have left handprints on his back "
2067589022,Lady_Gig,"Thanks everyone for the hints and tips, will attempt to try them all... er, now where do I begin  twit, twit-twaroo x"
1694159726,NGowers,@richardepryor doesn't sound good. Going through a bad time? 
1980896546,jakiteo,"@Wolfgang_ yeah really nice, too many people though "
1972664106,the1germ,@EdJakyl But my mom's a Christian... 
2067981670,CherylMcMinorrr,@Mcflyismydrug_x NO NONONONONONO I know the answer  he was a window cleaner looking in =') i just reread it about 10 times to get that 
2254952672,NataliaGordillo,Getting ready for work 
2052599042,lakezter,@ananyah how's ur morning ? 
1676510674,tiffy2fly,mmm...noodles 
2236956638,JSTAR0411,"Ahh, Loose Women.... If only Andrea wasn't involved  She is fine!"
1770825171,KristaMohammad,is back in Jersey! i miss my girls 
2002317500,vonIrrwegen,One the way to democracy: China blocks twitter! 
1983075327,establishedin89,@Nina_fresa_707  tragic. You leave when monday?
1833727301,nichbuick,@urbancyclist Lyon are less boring this year as they are showing some normal weaknesses   Marseille in a normal state: always in crisis
2287055991,jrayphoto,Candy's off to dinner with the girls.  Just sittin here alone.  
2254040029,jennie_z,"looks like I waited too long to get a good deal on a pair of Fitflops. size 8, if I want to pay &lt;$38 I have the choice of pink or red "
2018080976,brightlightbulb,i'm kinda upset cuz i can't go to the books of wonder signing with the fantabulous ladies: @cassieclare @maureenjohnson and @libbabray 
1997873347,Uhhuhher,Looking 4 an apartment downtown in Orlando. Please hit me up if u may know of any. 
2296099447,p_augustus,massa crashed into me with laps to go in British GP...was running 3rd 
2215788714,megelou,So tired! My husband leaves again Monday 
1977956615,jeffcannata,"@johnpavlich I'm honored you've asked me, but I doubt I'll be able to find a chunk of time like that to join you anytime soon. "
2222822168,anotherpsycho,Iam heartbroken. The receptionist vacancy for the tattoo studio in Glasgow is filled 
1969154572,wineinkbytia,@winebratsf @RickBakas don't ratio your ass. Really . 
1823223560,DaniShizzle,@archangelmaggie i was in that one earlier 
2003976372,GratiaeUtDeus,@LisaHendey Of course you guys have my vote! 
1833506842,krispycrunchx3,@MGiraudOfficial Good night Matt! 
2014644696,alcineyabut,Hungry. Hungry. Hungry. No food at home 
1559733007,Tam_Tam89,@Natacha90 jealous! i'm stuck at work 
2064047119,dede74,"red wine, night at museum and my pc.. That's my right now.    http://tinyurl.com/ma6cse"
2070880283,travelin_gypsy,"goodnight @jonathanrknight, no chance of staying up for your tweets 2knight!!  xo"
1974462559,foopinggirl,Helping the ross boys move into theyre new house 
1963413096,soveren,@Perignonic swt drms u  hav a great w/end 
2186211220,erin_obrien,"Damn, Ellen is here and I can't go see her! "
2061775610,SexyBeach,"N dee movies....tho I have bootlegs  nigga cnt settle for bootlegs always gotta go to the movies, I cnt mess. 3 for 10 is my calling."
2206213771,aarondimaano,feeling sick and overwhelmed. hay.  http://plurk.com/p/11mryj
1754850247,RichardPoolton,"@mandmachine all I am saying is that the ONLY people displaying yob behaviour here are Brits. Not French, Germans, Italians etc. Brits "
2064390525,valleygirl71,Insomnia is out of control tonight--haven't slept a wink. 
1751000331,3thanthegreat,@S4RR4ann i wanna see 
2055183153,chyeadiane,I am not feeling well at allllll! ahhhh 
1468099602,thejonny,woo cubs are 1-0!  
1827954771,textnotspeech1,wejust got the place across the street from Matt and Andy. 
1955908802,CdnGal_ps,"@CSouldiers I WON!!!! Woohoo!!!! Omg, can't WAIT to listen to that CD!!! ...can't believe I don't have it already..lol- or didn't have it "
1986893419,missbriggs1986,I can't believe i missed it my only seconds 
1835456247,TheRg,@lgladdy  How was your weekend? x
2052192481,MariaSA,I am catching up on all the tweets of the day and I'm falling asleep!!! Goodnight and have a pleasant tomorrow 
2060240818,kaileeselzer,@_noliesjustlove at least it tastes good. 
2222419913,UluvUY,"@manaloloandlola GAME ON! I am down. Let's do it when we're all not too busy.. which is IDK when, mother hen  Sad bear"
2058447507,Lorgey,@dannygokey http://twitpic.com/6rshi - very handsome 
2325969163,pluto0932,I'm back. The weather's so hot. 
1967029243,HeavenlyBeauty,how do you deal with a long distance relationship help??? 
2062525109,youngfreshnew,@djbabyyu neverrrrrrrrrrrrrrrr is there a mew one? 
1979363399,Tyrone17,fuck its only 7:30pm and it feels like this night will never end.  the longest night of my life
2066170813,SilentEcho,@FaketragedyCom Yeah  Is your computer fixed yet?
2216247668,cathyfletcher,"back from Blue Sky, but my home smells like bad kitty litter &amp; the only one that has a cat around here lives downstairs "
2006368783,D_Stizzle,Got smacked in the face with a water balloon and still caught it 
2179574861,kurtavish,@kissmyattitude Thats what I'll do soon  Its not so great to live near the mountains. I have to depend on this stupid NOMAD internet only
1693809719,vjs829,@wilw Hope you feel better soon! Missing your tweets on the NHL playoffs! 
1999237250,lifeinmywords,who wants pancit for lunch tomorrow? lol respond to this 
1883546197,krystha_tweets,my shoulders hurt from pilates  http://bit.ly/BloIt  #cowfriday
2002243222,KOLtwitbot,"Ferocious: Oh, and the VIP room is neat too. "
1957455499,sammiidizzle,"hometime soon, then getting ready and then going outtttttt ^___^ yay long weekend "
2174377353,aaleeecccc,@Kristyy yeah you big jerk!  pat and garrett from the maine were there too so we couldve met them! D: idk if john was there... possibly.
2213751398,ad0815,"@OmnitureCare There is one,opened 2 months ago... "
2053516483,webwoke,aughh... drop by 1  93. ontoplist.com
1687865438,maaa182,hello there  happy #hoppusday hope it works and blink182 comes to Braziiiil *-*
1990363888,chiniehdiaz,@daisyx But of course!  Let me just embed it in my Tumblr account   It's really amateurish tho. LOL! #chuckcommercial
2217729030,nadialoren,@DJDIMPLES oh  well if you decide let me kno.. you can crash in my room. well i didn't get it yet but you kno
1880346366,evAllTimeLow,@andyclemmensen yay! andy ur a trendy topic  its coz ur so contageous 
1969571785,daninelson,just tried to call @serenesupreme AND @justbrad to find an afterparty. both phones are dead. glad theyre havin fun 
1979330749,PhoebeWilson05,Hello everyone. have to go back 2 school 2morrow 
1557322172,ddaly9,Morning  My head hurts a little... :\
1978350687,Wesilini,I am so tired! 
2066336534,tristanray,"At church, always reminding myself to put my phone on vibrate "
1823863804,analopezx3,My left leg hurts so bad!  i think i might have restless leg syndrome
2176000371,ddangerzone,is glad she attended school today  http://plurk.com/p/111jvp
2286181262,WHEREonPre,SouthPaw3: Easy way out....  http://tinyurl.com/m7nbrw
1468471872,amatecha,"@iphoneincanada no wait, their $10-cheaper package has 150 more voice minutes! It's cheaper and substantially better! Messsedd upppp! "
2015613166,aimeexzarnow,@Asiansteve awesome  i saw you at soundwave
2213256400,Rachel_P,@teemwilliams btw..you seem angry alot or sumthin... I hope your okay 
1972228046,TobyWanKenoby,@mayraBELLAlove you good? 
2000222137,DefyGravity81,THANK YOU once again to all who gave me bday greetings! its been a wonderful day! 
1975234533,actionlamb,@kat_woman  congratulations. I'm looking forward to hearing all about it over a drinkie
2210420276,Launchite,rubbed chocolate on my white shirt while trying to wipe off some lint 
1686552144,brianhornback,@marisalykins: Gosh. I guess you are older than me. LOL. Just Kidding 
1563918914,ia_developments,"http://www.SusanBoyle.net - Britians Got Talent 2009 LIVE finalist!!! SIze of a garage, voice of an angel  VOTE FOR SUSAN BOYLE!"
2063794515,Diamond_Ice,Also two of my sistas are off again this month  one going Portugal with her college and the other going tunisa with her man sooo happy 4..
1557765303,Jezzy14,waiting for helennnnnn. gunna do some jammin! 
1986050429,The_real_eddie,Screamed and got chafed from the harness. Skydiving 
1827331735,OrlandCaampued,@trvsbrkr just watching some of your old episodes of Meet the Barkers.. i miss that show mannn!  http://www.vimeo.com/2541773
2047768316,Dot823,"@RockrFilms  I had to take like, 7 huge tests though...(no...6...one class I had to make a powerpoint for...) either way, it was boring."
2260123739,chrisseymc,@RonisWeigh ahh!! your doing a FULL ONE!! that is my DREAM!  its not till the fall out in sandey eggo  that would be so cool to run w/you!
2050087802,peelman,@captainneutrino   I want to be at WWDC 
1573069969,powerkatie,"I get more done @ 2am, than I do @ 2pm. Listening to Thursday, cleaning  my room &amp; thinkin'. "
2059447728,hisxbarbiexdoll,is shopping and deciding on specs for the new Macbook. 
1835962790,djaaries,"Finally home!!! &amp; it only took 9hrs!!!!ï¿½?! WTF...lol ooh well, I'm UP NOW..... "
1687126848,Vero_Special,just finished reading my book  going to get ready for church...
1826416896,SinnamonLove,Awoke to find a gorgeous kidlet elbow in my bed... The things that make me smile. 
2002827858,ZoeSkye,@Phoenix_Aeris Should've got will to take some over! I didn't even realise you can't get milo anywhere else 
2243533308,BAYge_Gurl,@YoungSimmons Can't hit u back 
1932776045,NightShade10,"@Alyssa_Milano sweet dreams Alyssa, and again thank you for sharing those beautiful pic's "
2191251999,melodymaker,What's in that cereal besides dry twigs and small animal bones?! 
1553884927,xoxomorgann,@ddlovato i wish you would reply to mee... 
1835297152,lpfmfan,Off to school no new divide 
1573350967,giggleash,New to this thing... just seeing what all the talk is about 
1824635885,ningmumbing,I couldn't think of anything worthy to make. Awww. 
2190066894,larettahouston,@13bdesign gosh but i am in island girl. 
2000053141,fashionweekly,"@hollie_turner hey hollie, would love to become a member... can offer free styling vouchers  website is fashionweekly.com.au"
2014847318,Shirat12,@Pink you looking so great in the cover honey 
2046069051,DanielMccDonald,Is watching TV Woo! so exciting haha! 
2071217312,flavuchiss,"Wasting my time, while I should be doing homework for university. "
2322289205,iSukk,@__mares__ yeah.   
1978619942,SedzOz,@sharonal5 Haha... thx... after almost 26yrs I think I'm first in the queue for that one 
1468821074,WayneAustin,@dajw nowt wrong with abit of cheese monsieur Winsor 
2066645135,Ame20,just got back from Pittsburgh seeing Kenny Chesney!!!  awesome show 
1753310526,jeffburg,@vipstylecars All the XBench scores show my 2.4 iMac with its 3.5&quot; HDD is faster or as fast in pretty much every test as the new 17&quot; 
2192673920,parisitaliana,"@jerrellrenee good luck jerrell!!! i know you will wow them  ill be home next week, lets do lunch!"
2250190292,xxparanoid,@yourdeclared ako rin. 
2236132537,Fiona_May,"is very poor  43p/day for the next 42 days. That's possible, right?"
1977836666,epascarello,@edwelker Your favorite song 
2218581729,John_Bracewell,sometimes I wonder if life is even fair.  this sucks
2328910771,Agusai,I'm tired... really tired  Counting till Saturday...
1956410540,natalieogletree,Freaking stitches hurt so bad  trying to sleeep
1564979317,boomtopper,@destroytoday also looks like you have to pay for it. And sadly mac only 
1557838939,nuttychris,"@ComedyQueen and yyup very awful , and no it aint a great comparission, as how do i look like a monkey  lol"
1960126096,SloTwitch,@BrianLehrer  The ONE day I want to listen to you live and the stream is down  Enjoy you on podcast ALL the time.
1676807009,polg,Massage was good... lot less painful than last week 
1835655902,pixiegirlkzs,"@lisarinna , i think u'll like A&amp;D book, it's quite a pg turner . Hope u r havin fun w/twitter!  i'm gettin used to it too!"
2189525524,WhatMorganSays,http://twitpic.com/7j2sp - @whatsarahhhsays 
1982200521,Razcat64,@original_b Let me guess u r gonna do wat most women do when they have free time..... shop 
2072282500,monimcdreamy,@youngman018 i know me too. But that means school is almost done  Oh btw there isn't a meeting this friday.  Love Moni
2204468961,TweetBoogie,Wassup my tweeps. afta 5am. Hvnt been twittin n now I know why.... Cuz my birdie ass is sick from the workload. @LuBrown this sucksssss 
1754044103,mags_place,"@Catvamp lol..Wendy is lovely, and a good laugh  I've known her for as long as I can remember. We are now sorting tweetdeck out for h ..."
2051245992,angiebatgirl,'The Stupidest Angel' by @TheAuthorGuy is out of stock everywhere  It's the only book I'm missing!
1824522288,JosieReavely,"No D5000-time yet, too much rain "
2226102877,GinnyWeasleyRox,"why does it rain ALL the time? It's ruining my summer  Actually I love the thunderstroms, but I want to go to the pool!"
1687043190,kservos,"Spinning, &quot;Step&quot;daughter visit, Brother's birthday shindig. Busy day today  I'm out..."
1678817828,cimtrbl2,I still want to know how people who r laid off w no insurance is gonna pay for treatment if necessary   #swineflu
1965787181,mr_apollo,@KristinNicolexo thanks for the add 
1882409545,RafaelManrique,@CaseyPCarlson What does the future hold for you? I was cheering you on from the beginning so sad you didn't make it to the top 13 
2050201835,SueL865,heading into a working weekend................. 
2069547348,AllieASchmidt,went to beach again today. home now and sunburnt of course 
2000890950,DONN4,My dream house (http://bit.ly/4dUWp7) and dream backyard patio (http://bit.ly/8cZmG)!! 
1564484890,tmblue,hï¿½m nay mï¿½nh khï¿½ng th?t thï¿½ ... 
2326827628,thesavvycouture,I want french fries but it's only 10:33  smh
2175011071,averybrooks,"@lovenati not &quot;speaking of which&quot; as in deletion or celebrity but like, stuff that's on my mind! "
1556241527,_kimberly,Great. Everybody's telling me how awesome Paul was last night at Coachella &amp; now my brother is telling me about it. No need to push it!!! 
2014180631,OnStageLighting,"@Longred @lekogirl - Since finding out about Hot Tweeters, am faintly disappointed to find self absent from the site "
1795552095,reseecup06,UGH!!! Working at my school in the summer can be BORING!!!!!!!! There is no one here 
1678847020,ngiverson,"Even with the rain, Relay for Life seems to have been a success. "
2227411164,RevJArthurRank,@StrayTogether I don't have computer access after work.  So I won't be able to attent the #tworgy ...
2184093093,perfekt01,Wuddub Tweeterborough ur boyz back and 8 hours smarter 
2052522890,ixlikexrocks,I wish I could describe this feeling because this is the best thing I felt in a really long time. 
2169455718,mrnorth,@The2ndAct Goo luck dude! My team pulled out of running so I won't see at the screening. 
1823352623,vronmcintyre,@Jotacon its helpful 
1550820207,enzopilarta,"@IsabellaSky Am I that antisocial? ) I actually had this for ages, but I left it, then I'm back! "
1676973820,Kafeenated,Going to bed now leaving for the cruise tomorrow 
2054273025,varshashastri,Finished my part of intel research paper! ..It was very interesting!! 
1971632504,Julexa,@TheBossMB yea I heard the vid is out... oh boy.. I hate seeing myself on tv  still not use 2 it.
2176515183,loxleyT,im really really board 
1981763411,Haffie,is in the park all loved up and drunk on wine. this weekend has been amazing. boo @ impending reality 
1969934503,ElementsOfJazz,@APassion4Jazz LOL! Now was that a nice thing to say about Diana Krall's babies daddy? 
2050189970,ichichy,Wake up earlier. I enjoy this morning. A fresh wind and the sun shade. This Good saturday.. I love this time. Do you also feel it? 
1692678996,nsterk08,@mrconquistador ....while some of us apparently can't pull them off 
1970527576,boyfromsaughton,i think after watching replay of last night's BGT that aidan davis is going to just clinch it but it'll be close between 4-5 acts i think 
2068591505,louises15,@louellamarie15 i loooooooove the smell of herbal essences too 
2261720765,domzz,finished last minute father's day shopping..and cleaning 
2001312697,ClayJarGirl,Menu Plan is finally up  http://bit.ly/K2fzA
2064939730,Sheraleen,@gemmab45 haha... that Vampire Twitter bird is so cute...I'll have to look into it soon!  
1936057560,Spitphyre,@krist0ph3r coz.. arr.. Fuggeddit.. Kamplecks shtuff ittiz 
1695191806,thatjamesboy,"There is a faux gothy chick looking at me, sorry I am not going to camden and I like pop-punk and jimmy eat world "
2053678061,fabulosity1,Just got back from gym class and it is now confirmed I have no control over the left side of my body  Time to swat up for interviews now.
1988988535,NickiHunter,"@TylerDurden678 A ton of work, but so worth it!  thx for the complement cuz I work hard to b a good mom...î?"
1825742152,dN_redNests,Central Park run = 6 miles 55 minutes ... amazing experience  #NYC #glasgowhalfmarathon
1880468060,LauraOliver,@nickhalstead got my publisher to implement it - will ask him - but looks as if was v simple - am liking it 
2298076358,tom_ra,"@SophieClemence Eeeeek! Sorry, Katie got there before you "
2245895789,MissHKS,@mugpie_guy nite....right behind you!  
1966421644,Aldrumeme,All alone at home..... 
1981148904,KCsRoom,I think my left ankle is messed up 
1793289297,melaniewalker,Look @SharGorgiiss --- &gt; @shabooty 's here. We should all go one day and have pancakes together.  
1982763694,Emma9212,@sarahspence93 yeah i voted!!! its not on til tomorrow in england 
2044495645,sezjeuric,has no voice  I went to bed soundling like the broken horn from Little Miss Sunshine... woke up like Ariel on land. Work just got hard
1967907541,kookijhe,@selenagomez hope you can visit the Philippines soon. 
2012885613,itsruby,Watching last nights episode of Medium! Is it really over?  I hope not...
1977814481,ohwiseone,"@aerodash84 Yeah the Shooting makes you wanna break the disk, But i have infamous, waiting to be played "
1686274522,pornninja,is trying to think straight. Logically. But is failing 
1977118529,EmilyExactlyx,Watching bill and teds excellent adventure! Yea! 
1835642832,shawnnellbrown,@Mrdrizzo  Good Morning! How was ur weekend?
2045502497,maaaarit,@_SandBox It's gone? Hmm..wait a minute then 
2249322427,stephsiau,"@yatsoon what time did u leave? I missed my last bus, too lazy 2 go back up so cabbed...  heart pain so ex plus I'm broke"
1960716818,zachyounkin,"At noon, when I start in my suggestive selling class, be sure to check out http://ping.fm/RO6Wz for all the videos I have made "
1969767465,gaysdotcom,Thanks @aureliom @chrisbordeaux and @Christianlvann for the #FollowFriday love! 
1551211846,thingles,@Thebtls yes. 
1977068398,SydneyAnne,"@darrylw4 No photos. I don't have a dry bag yet. So, no carrying of electronics like cameras that don't like water. "
1981015547,revjesse,@ImajicArt thanks 
2050035117,tromano,@Svanes  what time do you get in.
1792453033,Jenn_ex,@knoodlePRgrl NO! for some reason its not on my dvr  hoping they rereun it before part 2 next week!!
1955906956,Erick327,@fer_sure  iuuuuu love is in the airr 
2213959334,msprout,I got caught In the hail with my groceries. For the second time in 2 weeks. 
1677363925,secretagentzam,@Kayiko Thanks Kay 
1559031791,TheOnlyGuru,@Callypoo Noooooooooooooooooooooooooooooooooo 
2201133480,iamMissBliss,@DylanDForeigner MAN!! as my stomach growls....im so jealous. Thats the perfect meal 
1793407632,karinb_za,"@astynes I copied disc 2 4 u, but 2 fit it on some of the quality was lost.  I've got it here ready 4 yr courier. Sorry it isn't that gr8."
1961920236,jokjoken,@officialcharice oops now you have 64 votes haha http://bit.ly/fP04b  Ms TwitterWorld  vote vote vote
2052183076,dmcconachie,"@MickyFin Thanks Micky, morning to you too. I'm about to step into a 6 hour exam so my weekend doesn't start until 5pm! "
1823478667,esthery,@huangel how was that? I really wanted to go but I had a final this morning.  Did you learn a lot?
1999801214,brennabytes,Shut up i have those valley center girls. 
2265711878,Katbabygumdrop,"Awww, it's Daddy's Day!  I hope all dads are shown the love today!  I miss my dad. "
1970274407,saititatan,At home and recovering... Still can't believe I missed out on Steve Aoki at 808 at other night! 
1994352930,ChampagneRDub,OMG my BFF's bday is in 5 days and he is in spain!!!! first in 9 yrs i wont talk to him at 12:01 
1977282739,dhsmostwanted,"@alexandriabrown Skinemax, hands down "
1965860065,atekobsession,watchin rocky IV with ty and steve at the new place 
2260645104,ReinaMexicana,staying home 2nite cuz I'm sick. 
2003020673,HMXholmesmd,QA'd on the PS3 for the 1st time (i.e. used a PS3 for the 1st time)... I feel like such a bad QA/gamer... 
2053247950,joescanlon,@ndonegan no joy  coming down heavy now 
2060786420,HalfassBackward,ShoutOuts  @Notrox @diesel3306 @Complexhigh @vlbulli @XtyMiller @trew804 @wow2000 @valtermarques @nakedlaughing @SM0KEAL0T @traciislands
2283765689,StanVidz,it's 9pm n I'm still on d train on me way bak home  dangerous trends of difficult times!!!
2201391962,saroqq,@laurenok ps wtf ur updates still aren;t coming up in my feed either. i tried unfollowing you and it still hasn't worked. ugh 
1971665075,littlemsrugby,@ChaseTheChad aww thanx babe ily2 Aghh I'm exhausted n my hair looks like shit!  boo whoo
2249607676,Renato71,At work. Yep. Working on saturday. Sunday too 
1827684151,Rosie87,I was supposed to see Leon Jackson in Aberdeen tonight....gutted 
1559873939,bumgirl,&quot;I wanna wake up where you are&quot; I love the Goo Goo Dolls  ? http://blip.fm/~4lfcc
1968266617,Clari_bsb,Hey @backstreetboys off air  noooo  (groundctrl live &gt; http://ustre.am/X1C)
1823970749,ThisIsOurs_info,@sigma4 Morning T  Yes it is ! How's India ?
2064240282,sosamvb,Wow.. Sexy Beast is still the # 1 BEST SELLING Hip Hop song on LaLa.com! MVB Records - GREAT MUSIC. Billboard bound baby 
2175194946,aoibhind,@dindabh u 2  !&lt;3 do u know who Gail Porter is? 
2258028465,msmarie78,@iamdiddy. Watching cnn breaking news  about iran
2055491733,johnnanicolex,I completed my summer goal of getting yellow shorts at pacsun. 
2176970416,WhimsybyMari,shares http://tinyurl.com/kwlzf8 (just relisted bought but never paid for)   http://plurk.com/p/112xld
1993728919,SunShineStuvS,missing my mummy 
1792795529,SizzurpLadiii,"i swear mane, twitter is dead today...wussup with y'all 2day? any other day, i'd be amused as hell!! guess its time to get some shut eye "
2174765055,smilega1,@chanwenfeng HEY share it! 
1824536030,Tipsypixy,wow im sooo tired i can barly stand up or keep mi eyes open! 
2214583244,kvper,"@JessSM   no no me habre tu blog, what's Up?????"
1548498246,redrobinrockn,"@understandniche Thanks for noticing! Now an hour later, I'm at 907..But I have faith! "
1985201080,carasoriano,iwant to be at the MTV Awards. 
2227065637,queeniefox,@bennylicious sorry to hear that! What a shame. 
1881782940,TimboGates,@loriarbonne Hey there!  Wasn't sure you were the right Lori for a while there. Glad it is.   Hope you all are doing well.
2243396791,c8lino,@heathirmarie he was supposed to throw a bullpen tomorrow off a mound; said he was feeling great; then all of a sudden felt bad. It sucks 
2056095026,snapshotfashion,just went summer clothing shopping...bought a bunch of adorable things!  
1880747046,remzology,@whizkidd Yep. 
2051271216,beingmyself,@tivon lmao!!! ok soon as I got around the lake I'm like OMG still down 
1468446039,blue_cat_online,@ruskin147 I have bought it as a one off at the moment to see what it is like  Wouldn't kick the gift subscription out of the mag rack!
1976060140,xveinticincox,Thursday - Kill The House Lights (Bonus) DVD 2007  
1828067024,honesie,maths exam tomrow 
2064725924,NancyLoo,"@Genuine happy to do your show, especially since it looks like u have superhero powers!   "
2265319453,Rayannis2awesum,"wishes that she and her bff could both be happy at the same time,seems like when one of us is great the other has something go not great "
2227122836,zewillow,I hate it when mommy and daddy fight. 
2323584577,andelainbritain,@chiquitaaa the internert isn't working @ all even on hotle comp! Fuck I'm sorry wirless is down  we talk on here if u want
1677407986,kingsoupers,I always try to be the best dj that I can be but it doesn't matter cuz I always go home sad and alone  time for a new job
2240920562,zerogravity03,Newfoundland! Really wanna go 
2239676530,rwonderz,what's wrong with me 
1824486083,ayamiharu,feels it is the time to hate her life.  http://plurk.com/p/uavd4
2012667558,meeelissa18,ate cams has been playing you belong to me again and again. its annoying but oh well the song is nice nmn. 
1983222937,RandolphSt,WE HAVE A NEW BUSINESS NUMBER 818-581-4517 GIVE US A CALL AND LEAVE A MESSAGE...WE MIGHT PLAY IT IN OUR PODCAST 
1565577229,Bell_LaStar,One day until Tennessee!!! I can't wait to be home for awhile! 
2054873794,munkeat,@keesitt ahh....I see the mutual thingy which we spoke about this morning is working well 
2191318496,Kessit,"Awwww, actors are getting pay cuts.....that makes me sad "
2046147707,LoveLifeJB,My feet are soaked...walkin around tryna find a new apartment...I loved 1808 and my big ASS room ugghhh...anywho gotta move 
2266747459,Teashopdiaries,Last weekend of calm before the storm. Feel so tired now that I have stopped for a minute. 
1962699679,Heatherxox,and after i find that. im gonna go to sleep. yes 
1992936418,kreativemess,I'm off to lunch now  Or as I call it &quot;reading hour&quot; - 285 pages left!
2049832761,alyssa_XD,@mitchelmusso stop rubbing it in that I cant go 
2063810472,Commsguy,"@PRPeta I agree with your line of reasoning, but I think she already has a business and should let Kate have the opportunity. "
2285375918,kelanjo19,omg just finished writing all of the names out  My back is absolutely killing me
1968706273,lillimolly93,Ugh I've been up since 5.00 and I can't sleep. 
2015829865,jwoon888,"Arsenal has announced that there WILL BE a new, 3rd strip for next season  http://tr.im/nheW woo hoo! can't wait!"
2015053562,sparklypear,Trying to get over iPhone for my new bb storm... Bye iPhone 
1882010897,KnightRid,"@dcamacho now i got @TheCigarSpy followed also - knew the site, but didnt know i you were Agent 15 or not "
1966319941,Abby_ox,i have a headache 
1977593514,Louise_Goddard,@shainethomas Hi Shaine  Where in Scotland are you from?
1984506624,tizynini,But it won't let me talk to you 
1676879319,pamishra,the Vodafone zoozoos are real ppl..   http://tinyurl.com/cunsga          this ipl season its difficult to separate real from fake 
2177055624,abcaryndef,@evaisEPIC Who was involved? 
2175025984,Joberry,Back at work 
1572998127,number1pbefan,"Okay tweeps...Going to switch over to my server, so no more twitter for me for right now "
1968027321,aka55,@MeMo07 sorry.  I told you a VM would kill you.  
2249257985,mallycakes,Just realized both my parents aren't home. WTF could have been smoking. 
1678110109,demp891,choose right!! 
1563611376,loveablecuty,never did get to see that britney concert wawawa oh well mayb next time 
2053601823,aranarth,"@pukkelpop you will  about 10 of my all time favourite bands are playing, can't miss that"
2063589657,FRENCYloveSEL,Im going to twit you guys tomorrow before i go to school.. And starting tomorrow im a sophomore student from immanuel school ..  LOVE YA
2069536403,cultivatingme,enjoying a bit of fresh air as this isn't first trip outside in 4 days! feels good but i should probably go back to bed now 
2003045722,shittaapsari,@AshleyLTMSYF woohoooo! have a great show ashley! i still can't believe i'm not there to watch it. 
2250926515,a_web_designer,@DanHaneveer I got my second rate increase notice in a matter of 6 months.  
2265063536,Mr_Perk,@ang_manunusok hahaha... at least confused ka pa unlike me 
2052492006,xoxojacqueline,"tired, delirious, working on an english project "
2057871645,wendywings,@Elaineq Take is very slowly recovering from pneumonia I have been there done that (with a 3 week old ugh) Sending lots of get well vibes 
1989724911,intensifier,thank you irc for being faster than twitter. Ok... need to get a temporary passport... 
1753051029,BrainTwitch,@Isak re: manwhich. I thought you were referring to something sexual. You were talking About food. 
1991385337,Adiegirl,"@ChristinaMFCF That's what he says! Well, he'll remember it by the end of the day...maybe I'll play the video too. "
1677909484,wolfgangfrank,Have to do some financial and strategic planning stuff with Achim this weekend ... Hope that all promised projects come as planned 
2187167465,TravelTweetie,@tommytrc useful hashtags are aziran and gr88. My confirmed Iran tweeple are all offline  
2236059475,hawanasir,am craving for Dunkin's Iced Coffee. Mom+boyfie don't want to go to Alamanda. Now I wish I'm in JB where Dunkin's just footsteps away 
1984632447,daaayd,"u know, true friends will go to the end of the earth til they find the things u need. what'd u think 'bout that? i really wanted to know. "
1971030035,Rebekah_McFly,I love McFly. 
1826245693,AkeenAnthony,@NeomiePaige I would if I was close by but I'm all the way at the other end of the B47.. Jus make some cereal! 
2016468876,remoore,@louiseintn can I join your day camp?  I really wanna see that movie...  too bad I have this stinkin' job to pay all those bills...  
2322486411,loveUsomeNANCY,wanna watch a scary movie but im too scared to watch them alone!  lol!
2016518827,kittylecat,What! Lol I luv woofwednesday - funny 
2263087394,DriMaues,I wanna something to believe... 
1989621925,keymistress,"i really, really, really don't like singapore! "
2064384238,StephenChampion,No Spectromagic tonight. 
1984389461,deirdreFTW,cathal left.  we were having so much fun!! :| i miss him already. &lt;3
2059833627,ani_jo,I  loooooove going to the beach! 
1990740183,TGDk,ppz thinks I got AIDS in my eye 
1557129643,ekwills,back to work tomorrow...school holidays are over 
2238001987,solitarybrother,"Long line at Apple Store  Danny's in! Well, I'm happy for him...sort of. http://yfrog.com/3ogaqj"
1558314997,durrtyblonde8,At work from 9-4 
1833706310,leabella,@Sheamus I am so glad to hear that I wouldn't either 
2053673591,terakopian,"@LaChatNoir Good health, patience and a speedy recovery to you all "
1572884527,meowwzer,just woke up feeling confused and anxious about upcoming events.. can't like that 
2199308868,itsyagirlbrit,@MzDeDaze i stopped followin bow. i wonder if he noticed he lost me.  lol.
1882875758,elainesnowden,"Plus I do love Rick's show...  Hmmm, quite a quandry "
1968151088,ryamada,@LiquidMountain @TryTheWine @tranbryant Thanks guys. I feel richer than Warren Buffet today. 
2001332587,nkotbmatch5,@sarah_marina yeaaaa idk ... im goin 2 sleep im sure i will ttyt goodnite 
1976855651,n09,Going out! 
2323272273,Randolf18,seems like every1 has some1 but me...im a sad panda 
1835128312,MrsWind5,"@foxandfriends I'll pray for you, but you are great at interviews and they are Your parents who would know them better then you? "
2003619901,jeapostrophe,it's gonna rain today... no biking 
1969856432,StefaniaDimitra,@simplyvanessa Good luck...I hope you win 
2179296702,KarleyCHAOS,"@Kaylamayla, i know, right! It'll all be lame without me. Everyone knows that. Hahah. I did get a tankini, though. Woot Woot. "
1977276009,Sparkalz87,"@collinz, eight ish hours. We have 79 miles to go "
2060172547,Meli_Flo,yayyy went to the CA science center w viv today. so much fun  but i lost my fone =(
1694495427,midnitelily,@DHughesy congrats on Rafferty's arrival!  he is so cutteee!!
1988906378,AkikoWRITERinHI,"@vanpham Yes, that's right .  I'm rediscovering Japan here in Hawaii "
1974757604,markwalters,Keep a Positive Mental Outlook! Connection between living well &amp; healthfully &amp; having a cheerful outlook on life 
2193503960,Silv3R8,@deliccate I might watch it at lunch time. 
1988882314,AngelinaSouren,See? It's GORGEOUS out here.  Paradise!!!
1556760018,steakriot,"@Snick_the_Dog  Yay more shibas to the pack! Snickers can haz cheez and lots of it! And toilet paper rolls, you can haz it too!"
1979171679,Sarah87x,Ugh work. 
2060473385,sjennings17,@DGrubbs  I wish I was joining
2066335178,relics_angel,"@1_0man No, not yet. I think it's over cuz my dad had the same thing. Still, I won't lie, I'm starving "
2198985368,JustA_Girl,"God is seriously mad @ me! Just got back from the ER. Pediatrician thought lil man had meningitis. But, he's just really sick  other virus"
2261222740,tgmcrox,OK ALL THE #BTS STUFF IS OVER   AWW WELL CANNOT WAIT FOR THE VID...EVERYSINGE VID I AM GONNA WATCH!
1825065247,StaceyCosens,@justjoanne992 They keep coming on my shuffle. They were good weren't they? I miss those days 
2203519104,toya_,Might take a nap. Not feeling too good. Want to get out 
1469673730,vclamp,Good morning tweeple! Have a safe and productive Tuesday. 
1970975914,echoesofaheart,"@jonathancoulton Super-early request for Atlanta tonight: Skullcrusher Mountain and (especially) Re Your Brains, please?  #jocorequests"
2265798999,babiedollie,"father's day! me and my  lil bro are taking dad to sammies..our grandpa used to take us there EVERY sat., I miss him  dearly "
2033486535,ThomasHensel,"@BUTTERFLYWHEEL can't, gotta keep up puppy support payments yanno "
2249950610,rmccusker,@SLessard I got it too. Wish I had got LA Greek tickets too   Film on the phone and upload for fans
1990376661,iPawdNano_x3,Is it really Monday already? Gosh. Well I guess that means I have to go to school. 
2014511636,gfitzger,"@trigger_101 &quot;Your musical compatibility with Smmithyyy is Low&quot; .  Ah well, I added you anyway "
2216716036,Jeff_isChill,@ericarachelle Nope it was me and Salma.. ALONE I think I was being punished 
2056098483,amberleeann,have to avoid playing today  my hands have got to heal for tomorow. Acoustic setting AND an amazing new song. Pretty exciting!
2227571519,kissmeimconfusd,has a cold and/or swine flu. probably from bounce u. and wants it to go away for water day tomorrow 
2296087640,sabrina_ashlie,@FRESHLYGROUNDsa  will there be any tickets available at the door? I was in America and missed the ticket sales 
1835547626,rhondammit,@OurMissBrooks thanks for reminding me! your a life saver and my garden thanks u 
2001700292,AmyWithAnIE,@PattiB0i Aw I really want to watch it but my speakers decided to break 10mins ago. 
2059732287,ccrucetti,Bored on Saturday night 
2216632956,talizakitman,didn't get her first choice for RAG day. 
1980539791,xtinaseim, i need my study buddy! this isn't working out!
1880737757,adamy,@mobilebomb Let me give it a try today 
2048180755,TheLittleSeed,The sun is finally out and Larchmont is looking extra green... come visit 
2186623826,christi1979,@DonnieWahlberg  You guys need to come back to NC. I didn't get to see you the first time around 
2071705439,Lindsey0920,@oanhLove awww  happy bday grandma! Hehe http://myloc.me/2Zm8
2064088954,anjmeris,hopes to rest on this last week of vacation. 
2247249071,danielmenjivar,What is it about mall shopping that makes my feet kill?  
2232881504,thedcsportspage,@qbone so then I take it that you're in Vegas and didn't watch Ovie win the Hart trophy?  
2017265663,AirPigz,@SirHogarth I'm hoping to light a fire here pretty soon and really get things cookin' 
1969452743,TammyRich,http://twitpic.com/68rog - Had to take a photo of this pig at Hay. Sadly he was sold 
2060538024,Martineasaurus,"aw god, I hate having noone online "
1685517966,hexWarrior,@RockChickDesign drink well!  i'm off to bed.  wish i was there partying up a storm. 
1991240184,IsaMilano,@jordanknight You're playing with our nerves Jordan lol ! Have a great day 
1468515697,ihatecrayons,"@SmashleyPants Awwwww    *virtual flowers, chocolates. hugs, and kisses* &lt;3"
2069806815,biaaaherc,"@Mary_ganzerla that's ok, just kidding "
1975090411,benfranklin1982,"@AliciaWag You guys are really cool. You have an amazing voice, Alicia  Makes me wish I were closer to NJ so I could see a show!"
2179035029,danger_skies,@isacullen Not Aiden? 
2054046501,kader84,Ur so sexii..perfect 4 me! 
2198205344,iMan19,"@gwabir I hope you're wrong... lol, I dont think is swine flu, I went to Oaxaca and I think the fucking change of weather made me sick "
1881182258,artrox,"@bkmacdaddy ohh 1 of those days that dnt quite flow as it shld have, got held up, dnt get 2 giv blood  but now its wknd cha cha cha"
2187369980,Priincess_M,FINALLY OFF WORK 
1981472074,eeville,Nothing worse than working and public transport on a sunny day like this. Day off tomorrow though 
2044575084,AprilRainSkin,#FF  @TreverMcGhee @AbuzzB @lovinbeauty @Glowelle @tbcbeauty @mypageantplace @pnwlocalnews @weplaygreen @sheagunther @ShaunaCausey
2262102463,_sammiesiggs,Sleeeeep x10... P.S. I misss you so much 
2069285092,Cuttersftbll,"@Dave_Annable no not sad at all, that was how I was the first time meet @JonathanRKnight have always had a crush on him!! "
2012137704,parangdinaman,nanonood ng rehearsals ni Z 
2236810729,muddy23,@littlefletcher carrie have you seen the news- robert pattison was hit by a cab when he was trying to run away from fans! 
2175386556,Alilly,Would it b corny 2 giv all my kids names tht start with &quot;A&quot;? ...hubby said it would b corny...even tho his name starts wit n &quot;A&quot; 2! Lol 
2179869186,nikimariesmith,@emilypattySIMMS awwee  I hope you passed!!!!
2016623135,taramaroney,Officially a wife and about to leave on my honeymoon.  
2251857490,shaaqT,@ArchisM whoa! Fantastic! I hvent budged from 976 
2226958935,michelleblau,@pameladetlor thanks! Wish we could make it all the way over to Toronto  but alas we arent that cool yet
2176837596,modernartrocks,@KyeLani you too. try to cool off  x
2055277669,itsGAAABZ,@henzelhmmm i hella wanted to but i have school!  r u going??
2299099384,AudreyDavy,@kellyisakilla but the commercials always look so good... 
2016083835,stu_boy,@SallyTraffic almost dozed off in the last presentation and the next one is even duller! 
2060276792,SLRdude,@tishac   I didn't crash.  but I chased her!!
2258951864,jusamee,is bummed...nearly 2 pm and the hubby is still at work...what a waste of a beautiful day 
2002253545,PharaohKatt,". @maelkann Actually, you're probably right. "
2059598766,iHaps,"@Pepsimo I haven't tried wunder, but shoutcast is awesome "
1834289136,SoulenMotion,giving the drunken asshole award to her two best friends 
2065482548,leslieislegit,i thought it was Saturday today. 
2017264948,MandaPandaLink,Sending a tweet out to @mangosplace - - without you I'd never be able to make any jewelry   Big thanks and welcome to twitter!
2061919177,StDAY,"@a_simple_girl Thanks, love. I've been dying to see it. Stupid technological difficulties... "
2188456006,celestialorb,"is leaving Seattle tomorrow morning, and he's not going to lie, he's quite sad.  "
1979097361,MrMadsen,Inkheart.. pretty good for a fraiser-flick if you ask me 
2057690146,teleken,@ashuping Shell scripting's easy - just remember the sh-bang on the first line and to chmod it when you're done.  
2243728499,rayferrr,"At wildwings, then atlanta!! "
1685217734,bohonation,want to watch little miss sunshine 
2185146345,hbraum,ugh i hate nights like this. thankfully my friends down the street are home if tornadoes head this way; i hate not having a basement 
1979323479,koast08,OMG merlin is ova now  now i have to wait till next sunday
2058375723,nighttime_lies,@dreamhard I miss Andy omg 
1979333416,Jasmine1993,@shaneokeeffe 
2299955275,hedahed_xo,@Claireeee09  http://bit.ly/vmgbe i dont know how to read it. what does he mean????? 
1562363229,AlexisCourtney,@martikko OF COURSE. And you besta play at next years 
1835989730,AlexneedsJK,"@alinemcintyre You should work on the next cruise, amiga! "
2015359208,danie_surprise,nearly finished my book so sad 
1822975671,beatleslove0,@beatleslove0 @dookie1293 Im sure am! They couldnt have picked anyone better besides #GreenDay and Will Ferrell 
2014502552,orgazm20,@_rosieCAKES around here... lol eventhough i got accepted to school in troy im gunna stay in my area for now... 
1468379761,phoebeyee,retail therapy helps. Awww.... 
2220989713,sarahdietz1,doesn't wanna leave halls 
1882509920,cmesker,"Getting some coffee, then time to clean and pack up for the camping trip!  Bumming that C &amp; C can't join us though. "
2192042620,gaberloo,"i like this line &quot;knowing how much i try, stil come close to losing you girl&quot; waw. "
1932400448,joshuarudd,@jnyg  not sure we'll connect this time.
1960374216,nayes1982,Ah weekend thou art in sight 
1971496743,scodal,@JimHunt lol you sound like you're PUMPED send me some of that energy please 
2205418187,annamariadj,"Oh motivation, how I miss thee.. "
2044944622,tylerdmace,@peacechicken I wish I could remote in and help you out 
2063926412,ashleighm92,"Update  - Well, as I posted Friday was scheduled to be a busy day but I never expected it to end up the way... http://tumblr.com/xfj1z2xt1"
2185125056,Stilfire,@FjordsEcho Sounds like a plan 
1834017950,rehna_tu,@fartingpen Ha! You know what? Your latest post has given me an inspiration! For my next blog post! 
1971427774,PatrickMoorhead,"@mazimi I did, thanks, but kinda annoys me that they talk Donut b4 I get Cupcake. I should know that being in tech. "
1557359967,koloSigma,PJ day today. I'm iiiilll 
1984209974,isalacerda,@mymy229 FACCAAAAAAAAAAAL vocÃª por aquiiiiii!  
2069746873,pdurham,@curiousjayorge at least you have a trainer!  its sooo hard doing it on my own   I'm such a slacker and I KNOW that I would feel better 2
2001906587,kengkerengkeng,@chichisunget ou nga . aiaw mhiwwalay ni tere ki ghel 
2204123673,CrystalSmith7,is doing homework 
1468757462,barry_mars,@miss_biddy you should get on well with badgers then 
1792843169,DeaNHtiD99,Got body and bag searched this morn on way to gym 
2047852962,cesarmbs,I'm sad... don't know what to do 
1559841234,Naturality1,"@mojojuju I just breathed in and out, does that count "
1972294008,the_dza,@gishgish I aim to please 
1979411941,mystic19,@krist0ph3r hey ... but dont forget beauty is incomplete without the fool 
1977133009,imjstsayin,@von_at thank goodness..i was afraid of the dark 
1965017398,zully_529,@kingivn Have fun amorsote even tho u forgot my bday which is today 
1958124788,19fischi75,@DanFYpuhpx Thanks for following 
2070641898,unmarketing,@MyMelodie I'll be back in fine form for tomorrow  #unSDTweetUp
2050492929,HeeeeeyJaaaay,With my bestfriends @ marias house!  cant wait for tonight
2068116092,WyldGade,And we found a tick on Lilly! Thanks for nothing K9 Advantix 
1823991346,neenz,"@richiety ha! I would have never guessed, especially not an eye drop medicine "
2049351737,captain_romana,You know that feeling you get right before you shed some tears.. I got that.. I don't want to go back to work.. My break is almost over 
1980112629,kaaat187,gaaaah im sick!! didn't stick around for lyle's show anymore 
2323434658,asteroidweed,@coquettishrose lsfkjlj oh god go to bed  not that this isn't a++
2001615676,CarlaMeikleham,im up too early 
2302694723,muumuse,"@anthoNYC YAY! Love my Bjork, so sad I'm missing it "
2013024605,lemonkey,@serban It asks for a login/password  #wwdc09
2249499302,dillyciouss88,Awe shiiiiiiiiiiiit! Chente got dem killahzzzz............! 
2215274006,Gatlinburg_gurl,@KhloeKardashian I wish!! 
1469388057,lumosbabe,"fighting a bad swollen, painful throat and headache. "
